<?xml version='1.0' encoding='utf-8'?>
<COLLADA xmlns="http://www.collada.org/2005/11/COLLADASchema" version="1.4.1">
  <asset>
    <created>2026-10-08T17:25:05.225831</created>
    <modified>2026-10-08T17:25:05.225836</modified>
    <unit name="metre" meter="1.0" />
    <up_axis>Z_UP</up_axis>
  </asset>
  <library_cameras><camera id="Camera-camera" name="Camera"><optics><technique_common><perspective><xfov>49.13434</xfov><yfov>28.84154</yfov><znear>0.01</znear><zfar>1000</zfar></perspective></technique_common></optics></camera></library_cameras><library_lights><light id="Lamp-light" name="Lamp"><technique_common><point><color>1 1 1</color><constant_attenuation>1</constant_attenuation></point></technique_common></light></library_lights><library_effects>
    <effect id="IID-_0004" name="IID-_0004">
      <profile_COMMON>
        <technique sid="common">
          <phong>
            <emission>
              <color>0.0 0.0 0.0 1.0</color>
            </emission>
            <ambient>
              <color>0.0 0.0 0.0 1.0</color>
            </ambient>
            <diffuse>
              <color>0.0 0.0 0.0 1.0</color>
            </diffuse>
            <specular>
              <color>0.0 0.0 0.0 1.0</color>
            </specular>
            <shininess>
              <float>0.0</float>
            </shininess>
            <reflective>
              <color>1 1 1 1.0</color>
            </reflective>
            <reflectivity>
              <float>0.5</float>
            </reflectivity>
            <transparent>
              <color>0.0 0.0 0.0 1.0</color>
            </transparent>
            <transparency>
              <float>1.0</float>
            </transparency>
          </phong>
        </technique>
        <extra>
          <technique profile="GOOGLEEARTH">
            <double_sided>1</double_sided>
          </technique>
        </extra>
      </profile_COMMON>
    </effect>
    <effect id="IID-_0005" name="IID-_0005">
      <profile_COMMON>
        <technique sid="common">
          <phong>
            <emission>
              <color>0.0 0.0 0.0 1.0</color>
            </emission>
            <ambient>
              <color>0.0 0.0 0.0 1.0</color>
            </ambient>
            <diffuse>
              <color>0.8000074625015259 0.22582396864891052 0.023857533931732178 1.0</color>
            </diffuse>
            <specular>
              <color>0.0 0.0 0.0 1.0</color>
            </specular>
            <shininess>
              <float>0.0</float>
            </shininess>
            <reflective>
              <color>1 1 1 1.0</color>
            </reflective>
            <reflectivity>
              <float>0.5</float>
            </reflectivity>
            <transparent>
              <color>0.0 0.0 0.0 1.0</color>
            </transparent>
            <transparency>
              <float>1.0</float>
            </transparency>
          </phong>
        </technique>
        <extra>
          <technique profile="GOOGLEEARTH">
            <double_sided>1</double_sided>
          </technique>
        </extra>
      </profile_COMMON>
    </effect>
    <effect id="IID-_0006" name="IID-_0006">
      <profile_COMMON>
        <technique sid="common">
          <phong>
            <emission>
              <color>0.0 0.0 0.0 1.0</color>
            </emission>
            <ambient>
              <color>0.0 0.0 0.0 1.0</color>
            </ambient>
            <diffuse>
              <color>0.8225266933441162 0.4919234812259674 0.43464037775993347 1.0</color>
            </diffuse>
            <specular>
              <color>0.0 0.0 0.0 1.0</color>
            </specular>
            <shininess>
              <float>0.0</float>
            </shininess>
            <reflective>
              <color>1 1 1 1.0</color>
            </reflective>
            <reflectivity>
              <float>0.5</float>
            </reflectivity>
            <transparent>
              <color>0.0 0.0 0.0 1.0</color>
            </transparent>
            <transparency>
              <float>1.0</float>
            </transparency>
          </phong>
        </technique>
        <extra>
          <technique profile="GOOGLEEARTH">
            <double_sided>1</double_sided>
          </technique>
        </extra>
      </profile_COMMON>
    </effect>
    <effect id="IID-_0007" name="IID-_0007">
      <profile_COMMON>
        <technique sid="common">
          <phong>
            <emission>
              <color>0.0 0.0 0.0 1.0</color>
            </emission>
            <ambient>
              <color>0.0 0.0 0.0 1.0</color>
            </ambient>
            <diffuse>
              <color>0.0 0.0 0.002730374224483967 1.0</color>
            </diffuse>
            <specular>
              <color>0.0 0.0 0.0 1.0</color>
            </specular>
            <shininess>
              <float>0.0</float>
            </shininess>
            <reflective>
              <color>1 1 1 1.0</color>
            </reflective>
            <reflectivity>
              <float>0.5</float>
            </reflectivity>
            <transparent>
              <color>0.0 0.0 0.0 1.0</color>
            </transparent>
            <transparency>
              <float>1.0</float>
            </transparency>
          </phong>
        </technique>
        <extra>
          <technique profile="GOOGLEEARTH">
            <double_sided>1</double_sided>
          </technique>
        </extra>
      </profile_COMMON>
    </effect>
    <effect id="IID-_0008" name="IID-_0008">
      <profile_COMMON>
        <technique sid="common">
          <phong>
            <emission>
              <color>0.0 0.0 0.0 1.0</color>
            </emission>
            <ambient>
              <color>0.0 0.0 0.0 1.0</color>
            </ambient>
            <diffuse>
              <color>0.0 0.0 0.0 1.0</color>
            </diffuse>
            <specular>
              <color>0.0 0.0 0.0 1.0</color>
            </specular>
            <shininess>
              <float>0.0</float>
            </shininess>
            <reflective>
              <color>1 1 1 1.0</color>
            </reflective>
            <reflectivity>
              <float>0.5</float>
            </reflectivity>
            <transparent>
              <color>0.0 0.0 0.0 1.0</color>
            </transparent>
            <transparency>
              <float>1.0</float>
            </transparency>
          </phong>
        </technique>
        <extra>
          <technique profile="GOOGLEEARTH">
            <double_sided>1</double_sided>
          </technique>
        </extra>
      </profile_COMMON>
    </effect>
    <effect id="IID-_0009" name="IID-_0009">
      <profile_COMMON>
        <technique sid="common">
          <phong>
            <emission>
              <color>0.0 0.0 0.0 1.0</color>
            </emission>
            <ambient>
              <color>0.0 0.0 0.0 1.0</color>
            </ambient>
            <diffuse>
              <color>0.8000074625015259 0.22142183780670166 0.031788744032382965 1.0</color>
            </diffuse>
            <specular>
              <color>0.0 0.0 0.0 1.0</color>
            </specular>
            <shininess>
              <float>0.0</float>
            </shininess>
            <reflective>
              <color>1 1 1 1.0</color>
            </reflective>
            <reflectivity>
              <float>0.5</float>
            </reflectivity>
            <transparent>
              <color>0.0 0.0 0.0 1.0</color>
            </transparent>
            <transparency>
              <float>1.0</float>
            </transparency>
          </phong>
        </technique>
        <extra>
          <technique profile="GOOGLEEARTH">
            <double_sided>1</double_sided>
          </technique>
        </extra>
      </profile_COMMON>
    </effect>
    <effect id="IID-_0010" name="IID-_0010">
      <profile_COMMON>
        <technique sid="common">
          <phong>
            <emission>
              <color>0.0 0.0 0.0 1.0</color>
            </emission>
            <ambient>
              <color>0.0 0.0 0.0 1.0</color>
            </ambient>
            <diffuse>
              <color>0.8000074625015259 0.2111833691596985 0.004604950547218323 1.0</color>
            </diffuse>
            <specular>
              <color>0.0 0.0 0.0 1.0</color>
            </specular>
            <shininess>
              <float>0.0</float>
            </shininess>
            <reflective>
              <color>1 1 1 1.0</color>
            </reflective>
            <reflectivity>
              <float>0.5</float>
            </reflectivity>
            <transparent>
              <color>0.0 0.0 0.0 1.0</color>
            </transparent>
            <transparency>
              <float>1.0</float>
            </transparency>
          </phong>
        </technique>
        <extra>
          <technique profile="GOOGLEEARTH">
            <double_sided>1</double_sided>
          </technique>
        </extra>
      </profile_COMMON>
    </effect>
    <effect id="IID-_0011" name="IID-_0011">
      <profile_COMMON>
        <technique sid="common">
          <phong>
            <emission>
              <color>0.0 0.0 0.0 1.0</color>
            </emission>
            <ambient>
              <color>0.0 0.0 0.0 1.0</color>
            </ambient>
            <diffuse>
              <color>0.0 0.0 0.0 1.0</color>
            </diffuse>
            <specular>
              <color>0.0 0.0 0.0 1.0</color>
            </specular>
            <shininess>
              <float>0.0</float>
            </shininess>
            <reflective>
              <color>1 1 1 1.0</color>
            </reflective>
            <reflectivity>
              <float>0.5</float>
            </reflectivity>
            <transparent>
              <color>0.0 0.0 0.0 1.0</color>
            </transparent>
            <transparency>
              <float>1.0</float>
            </transparency>
          </phong>
        </technique>
        <extra>
          <technique profile="GOOGLEEARTH">
            <double_sided>1</double_sided>
          </technique>
        </extra>
      </profile_COMMON>
    </effect>
    <effect id="IID-_0012" name="IID-_0012">
      <profile_COMMON>
        <technique sid="common">
          <phong>
            <emission>
              <color>0.0 0.0 0.0 1.0</color>
            </emission>
            <ambient>
              <color>0.0 0.0 0.0 1.0</color>
            </ambient>
            <diffuse>
              <color>0.0 0.0 0.0 1.0</color>
            </diffuse>
            <specular>
              <color>0.0 0.0 0.0 1.0</color>
            </specular>
            <shininess>
              <float>0.0</float>
            </shininess>
            <reflective>
              <color>1 1 1 1.0</color>
            </reflective>
            <reflectivity>
              <float>0.5</float>
            </reflectivity>
            <transparent>
              <color>0.0 0.0 0.0 1.0</color>
            </transparent>
            <transparency>
              <float>1.0</float>
            </transparency>
          </phong>
        </technique>
        <extra>
          <technique profile="GOOGLEEARTH">
            <double_sided>1</double_sided>
          </technique>
        </extra>
      </profile_COMMON>
    </effect>
    <effect id="IID-_0013" name="IID-_0013">
      <profile_COMMON>
        <technique sid="common">
          <phong>
            <emission>
              <color>0.0 0.0 0.0 1.0</color>
            </emission>
            <ambient>
              <color>0.0 0.0 0.0 1.0</color>
            </ambient>
            <diffuse>
              <color>0.7991030812263489 0.6583749651908875 0.006995411589741707 1.0</color>
            </diffuse>
            <specular>
              <color>0.0 0.0 0.0 1.0</color>
            </specular>
            <shininess>
              <float>0.0</float>
            </shininess>
            <reflective>
              <color>1 1 1 1.0</color>
            </reflective>
            <reflectivity>
              <float>0.5</float>
            </reflectivity>
            <transparent>
              <color>0.0 0.0 0.0 1.0</color>
            </transparent>
            <transparency>
              <float>1.0</float>
            </transparency>
          </phong>
        </technique>
        <extra>
          <technique profile="GOOGLEEARTH">
            <double_sided>1</double_sided>
          </technique>
        </extra>
      </profile_COMMON>
    </effect>
    <effect id="IID-_0014" name="IID-_0014">
      <profile_COMMON>
        <technique sid="common">
          <phong>
            <emission>
              <color>0.0 0.0 0.0 1.0</color>
            </emission>
            <ambient>
              <color>0.0 0.0 0.0 1.0</color>
            </ambient>
            <diffuse>
              <color>0.7988656759262085 0.6578208208084106 0.006995303090661764 1.0</color>
            </diffuse>
            <specular>
              <color>0.0 0.0 0.0 1.0</color>
            </specular>
            <shininess>
              <float>0.0</float>
            </shininess>
            <reflective>
              <color>1 1 1 1.0</color>
            </reflective>
            <reflectivity>
              <float>0.5</float>
            </reflectivity>
            <transparent>
              <color>0.0 0.0 0.0 1.0</color>
            </transparent>
            <transparency>
              <float>1.0</float>
            </transparency>
          </phong>
        </technique>
        <extra>
          <technique profile="GOOGLEEARTH">
            <double_sided>1</double_sided>
          </technique>
        </extra>
      </profile_COMMON>
    </effect>
    <effect id="IID-_0015" name="IID-_0015">
      <profile_COMMON>
        <technique sid="common">
          <phong>
            <emission>
              <color>0.0 0.0 0.0 1.0</color>
            </emission>
            <ambient>
              <color>0.0 0.0 0.0 1.0</color>
            </ambient>
            <diffuse>
              <color>0.7991030812263489 0.6583749651908875 0.006995411589741707 1.0</color>
            </diffuse>
            <specular>
              <color>0.0 0.0 0.0 1.0</color>
            </specular>
            <shininess>
              <float>0.0</float>
            </shininess>
            <reflective>
              <color>1 1 1 1.0</color>
            </reflective>
            <reflectivity>
              <float>0.5</float>
            </reflectivity>
            <transparent>
              <color>0.0 0.0 0.0 1.0</color>
            </transparent>
            <transparency>
              <float>1.0</float>
            </transparency>
          </phong>
        </technique>
        <extra>
          <technique profile="GOOGLEEARTH">
            <double_sided>1</double_sided>
          </technique>
        </extra>
      </profile_COMMON>
    </effect>
    <effect id="IID-_0016" name="IID-_0016">
      <profile_COMMON>
        <technique sid="common">
          <phong>
            <emission>
              <color>0.0 0.0 0.0 1.0</color>
            </emission>
            <ambient>
              <color>0.0 0.0 0.0 1.0</color>
            </ambient>
            <diffuse>
              <color>0.7991030812263489 0.6583749651908875 0.006995411589741707 1.0</color>
            </diffuse>
            <specular>
              <color>0.0 0.0 0.0 1.0</color>
            </specular>
            <shininess>
              <float>0.0</float>
            </shininess>
            <reflective>
              <color>1 1 1 1.0</color>
            </reflective>
            <reflectivity>
              <float>0.5</float>
            </reflectivity>
            <transparent>
              <color>0.0 0.0 0.0 1.0</color>
            </transparent>
            <transparency>
              <float>1.0</float>
            </transparency>
          </phong>
        </technique>
        <extra>
          <technique profile="GOOGLEEARTH">
            <double_sided>1</double_sided>
          </technique>
        </extra>
      </profile_COMMON>
    </effect>
    <effect id="IID-_0017" name="IID-_0017">
      <profile_COMMON>
        <technique sid="common">
          <phong>
            <emission>
              <color>0.0 0.0 0.0 1.0</color>
            </emission>
            <ambient>
              <color>0.0 0.0 0.0 1.0</color>
            </ambient>
            <diffuse>
              <color>0.7991030812263489 0.6583749651908875 0.006995411589741707 1.0</color>
            </diffuse>
            <specular>
              <color>0.0 0.0 0.0 1.0</color>
            </specular>
            <shininess>
              <float>0.0</float>
            </shininess>
            <reflective>
              <color>1 1 1 1.0</color>
            </reflective>
            <reflectivity>
              <float>0.5</float>
            </reflectivity>
            <transparent>
              <color>0.0 0.0 0.0 1.0</color>
            </transparent>
            <transparency>
              <float>1.0</float>
            </transparency>
          </phong>
        </technique>
        <extra>
          <technique profile="GOOGLEEARTH">
            <double_sided>1</double_sided>
          </technique>
        </extra>
      </profile_COMMON>
    </effect>
    <effect id="IID-_0018" name="IID-_0018">
      <profile_COMMON>
        <technique sid="common">
          <phong>
            <emission>
              <color>0.0 0.0 0.0 1.0</color>
            </emission>
            <ambient>
              <color>0.0 0.0 0.0 1.0</color>
            </ambient>
            <diffuse>
              <color>0.7991030812263489 0.6583749651908875 0.006995411589741707 1.0</color>
            </diffuse>
            <specular>
              <color>0.0 0.0 0.0 1.0</color>
            </specular>
            <shininess>
              <float>0.0</float>
            </shininess>
            <reflective>
              <color>1 1 1 1.0</color>
            </reflective>
            <reflectivity>
              <float>0.5</float>
            </reflectivity>
            <transparent>
              <color>0.0 0.0 0.0 1.0</color>
            </transparent>
            <transparency>
              <float>1.0</float>
            </transparency>
          </phong>
        </technique>
        <extra>
          <technique profile="GOOGLEEARTH">
            <double_sided>1</double_sided>
          </technique>
        </extra>
      </profile_COMMON>
    </effect>
    <effect id="IID-_0019" name="IID-_0019">
      <profile_COMMON>
        <technique sid="common">
          <phong>
            <emission>
              <color>0.0 0.0 0.0 1.0</color>
            </emission>
            <ambient>
              <color>0.0 0.0 0.0 1.0</color>
            </ambient>
            <diffuse>
              <color>0.7991030812263489 0.6583749651908875 0.006995411589741707 1.0</color>
            </diffuse>
            <specular>
              <color>0.0 0.0 0.0 1.0</color>
            </specular>
            <shininess>
              <float>0.0</float>
            </shininess>
            <reflective>
              <color>1 1 1 1.0</color>
            </reflective>
            <reflectivity>
              <float>0.5</float>
            </reflectivity>
            <transparent>
              <color>0.0 0.0 0.0 1.0</color>
            </transparent>
            <transparency>
              <float>1.0</float>
            </transparency>
          </phong>
        </technique>
        <extra>
          <technique profile="GOOGLEEARTH">
            <double_sided>1</double_sided>
          </technique>
        </extra>
      </profile_COMMON>
    </effect>
    <effect id="IID-_0020" name="IID-_0020">
      <profile_COMMON>
        <technique sid="common">
          <phong>
            <emission>
              <color>0.0 0.0 0.0 1.0</color>
            </emission>
            <ambient>
              <color>0.0 0.0 0.0 1.0</color>
            </ambient>
            <diffuse>
              <color>0.7991030812263489 0.6583749651908875 0.006995411589741707 1.0</color>
            </diffuse>
            <specular>
              <color>0.0 0.0 0.0 1.0</color>
            </specular>
            <shininess>
              <float>0.0</float>
            </shininess>
            <reflective>
              <color>1 1 1 1.0</color>
            </reflective>
            <reflectivity>
              <float>0.5</float>
            </reflectivity>
            <transparent>
              <color>0.0 0.0 0.0 1.0</color>
            </transparent>
            <transparency>
              <float>1.0</float>
            </transparency>
          </phong>
        </technique>
        <extra>
          <technique profile="GOOGLEEARTH">
            <double_sided>1</double_sided>
          </technique>
        </extra>
      </profile_COMMON>
    </effect>
    <effect id="IID-_0021" name="IID-_0021">
      <profile_COMMON>
        <technique sid="common">
          <phong>
            <emission>
              <color>0.0 0.0 0.0 1.0</color>
            </emission>
            <ambient>
              <color>0.0 0.0 0.0 1.0</color>
            </ambient>
            <diffuse>
              <color>0.7991030812263489 0.6583749651908875 0.006995411589741707 1.0</color>
            </diffuse>
            <specular>
              <color>0.0 0.0 0.0 1.0</color>
            </specular>
            <shininess>
              <float>0.0</float>
            </shininess>
            <reflective>
              <color>1 1 1 1.0</color>
            </reflective>
            <reflectivity>
              <float>0.5</float>
            </reflectivity>
            <transparent>
              <color>0.0 0.0 0.0 1.0</color>
            </transparent>
            <transparency>
              <float>1.0</float>
            </transparency>
          </phong>
        </technique>
        <extra>
          <technique profile="GOOGLEEARTH">
            <double_sided>1</double_sided>
          </technique>
        </extra>
      </profile_COMMON>
    </effect>
    <effect id="IID-_0022" name="IID-_0022">
      <profile_COMMON>
        <technique sid="common">
          <phong>
            <emission>
              <color>0.0 0.0 0.0 1.0</color>
            </emission>
            <ambient>
              <color>0.0 0.0 0.0 1.0</color>
            </ambient>
            <diffuse>
              <color>0.7991030812263489 0.6583749651908875 0.006995411589741707 1.0</color>
            </diffuse>
            <specular>
              <color>0.0 0.0 0.0 1.0</color>
            </specular>
            <shininess>
              <float>0.0</float>
            </shininess>
            <reflective>
              <color>1 1 1 1.0</color>
            </reflective>
            <reflectivity>
              <float>0.5</float>
            </reflectivity>
            <transparent>
              <color>0.0 0.0 0.0 1.0</color>
            </transparent>
            <transparency>
              <float>1.0</float>
            </transparency>
          </phong>
        </technique>
        <extra>
          <technique profile="GOOGLEEARTH">
            <double_sided>1</double_sided>
          </technique>
        </extra>
      </profile_COMMON>
    </effect>
    <effect id="IID-_0023" name="IID-_0023">
      <profile_COMMON>
        <technique sid="common">
          <phong>
            <emission>
              <color>0.0 0.0 0.0 1.0</color>
            </emission>
            <ambient>
              <color>0.0 0.0 0.0 1.0</color>
            </ambient>
            <diffuse>
              <color>0.0 0.0 0.0 1.0</color>
            </diffuse>
            <specular>
              <color>0.0 0.0 0.0 1.0</color>
            </specular>
            <shininess>
              <float>0.0</float>
            </shininess>
            <reflective>
              <color>1 1 1 1.0</color>
            </reflective>
            <reflectivity>
              <float>0.5</float>
            </reflectivity>
            <transparent>
              <color>0.0 0.0 0.0 1.0</color>
            </transparent>
            <transparency>
              <float>1.0</float>
            </transparency>
          </phong>
        </technique>
        <extra>
          <technique profile="GOOGLEEARTH">
            <double_sided>1</double_sided>
          </technique>
        </extra>
      </profile_COMMON>
    </effect>
    <effect id="IID-_0024" name="IID-_0024">
      <profile_COMMON>
        <technique sid="common">
          <phong>
            <emission>
              <color>0.0 0.0 0.0 1.0</color>
            </emission>
            <ambient>
              <color>0.0 0.0 0.0 1.0</color>
            </ambient>
            <diffuse>
              <color>0.0 0.0 0.0 1.0</color>
            </diffuse>
            <specular>
              <color>0.0 0.0 0.0 1.0</color>
            </specular>
            <shininess>
              <float>0.0</float>
            </shininess>
            <reflective>
              <color>1 1 1 1.0</color>
            </reflective>
            <reflectivity>
              <float>0.5</float>
            </reflectivity>
            <transparent>
              <color>0.0 0.0 0.0 1.0</color>
            </transparent>
            <transparency>
              <float>1.0</float>
            </transparency>
          </phong>
        </technique>
        <extra>
          <technique profile="GOOGLEEARTH">
            <double_sided>1</double_sided>
          </technique>
        </extra>
      </profile_COMMON>
    </effect>
    <effect id="IID-_0025" name="IID-_0025">
      <profile_COMMON>
        <technique sid="common">
          <phong>
            <emission>
              <color>0.0 0.0 0.0 1.0</color>
            </emission>
            <ambient>
              <color>0.0 0.0 0.0 1.0</color>
            </ambient>
            <diffuse>
              <color>0.8000074625015259 0.02414044365286827 0.0 1.0</color>
            </diffuse>
            <specular>
              <color>0.0 0.0 0.0 1.0</color>
            </specular>
            <shininess>
              <float>0.0</float>
            </shininess>
            <reflective>
              <color>1 1 1 1.0</color>
            </reflective>
            <reflectivity>
              <float>0.5</float>
            </reflectivity>
            <transparent>
              <color>0.0 0.0 0.0 1.0</color>
            </transparent>
            <transparency>
              <float>1.0</float>
            </transparency>
          </phong>
        </technique>
        <extra>
          <technique profile="GOOGLEEARTH">
            <double_sided>1</double_sided>
          </technique>
        </extra>
      </profile_COMMON>
    </effect>
  </library_effects>
  <library_geometries>
    <geometry id="ME-Cylinder" name="ME-Cylinder">
      <mesh>
        <source id="IID-_0001">
          <float_array count="4653" id="IID-_0001-array">0 0.3 -0.21 0 0.3 0.21 0.212132 0.212132 -0.21 0.212132 0.212132 0.21 0.3 0 -0.21 0.3 0 0.21 0.212132 -0.212132 -0.21 0.212132 -0.212132 0.21 0 -0.3 -0.21 0 -0.3 0.21 -0.212132 -0.212132 -0.21 -0.212132 -0.212132 0.21 -0.3 0 -0.21 -0.3 0 0.21 -0.212132 0.212132 -0.21 -0.212132 0.212132 0.21 -0.763646 -0.4071528 -2.60604 -1.033646 -0.4071528 -0.2060397 -0.763646 0.392847 -2.60604 -1.033646 0.392847 -0.2060397 0.7663537 -0.4071528 -2.60604 1.036354 -0.4071528 -0.2060397 0.7663537 0.392847 -2.60604 1.036354 0.392847 -0.2060397 -0.763646 -0.4071528 -1.755246 -1.033646 -0.4071528 -0.955246 -1.033646 0.392847 -0.955246 -0.763646 0.392847 -1.755246 1.036354 0.392847 -0.955246 0.7663537 0.392847 -1.755246 1.036354 -0.4071528 -0.955246 0.7663537 -0.4071528 -1.755246 -0.0009399354 0.01761913 0.1165222 0.3821529 -0.2795922 0.4508543 -0.1472656 -0.4632833 0.4508541 -0.4744679 0.01761913 0.4508567 -0.1472656 0.4985216 0.4508541 0.3821529 0.3148305 0.4508543 0.1453857 -0.4632833 0.9918282 -0.3840328 -0.2795922 0.991828 -0.3840328 0.3148305 0.991828 0.1453857 0.4985216 0.9918282 0.4725881 0.01761913 0.9918256 -0.0009399354 0.01761913 1.32616 -0.08694731 -0.2650461 0.2068492 0.2242348 -0.1570761 0.2068494 0.1382283 -0.4397441 0.403365 0.4494109 0.01761913 0.4033661 0.2242348 0.1923143 0.2068494 -0.2792723 0.01761913 0.2068509 -0.3652818 -0.265047 0.4033659 -0.08694731 0.3002844 0.2068492 -0.3652818 0.3002853 0.4033659 0.1382283 0.4749824 0.403365 0.50257 -0.1570768 0.7213411 0.50257 0.192315 0.7213411 -0.0009399354 -0.5477166 0.7213411 0.3102461 -0.439747 0.7213411 -0.50445 -0.1570768 0.7213411 -0.312126 -0.439747 0.7213411 -0.312126 0.4749852 0.7213411 -0.50445 0.192315 0.7213411 0.3102461 0.4749852 0.7213411 -0.0009399354 0.5829549 0.7213411 0.3634019 -0.265047 1.039316 -0.1401082 -0.4397441 1.039317 -0.4512908 0.01761913 1.039316 -0.1401082 0.4749824 1.039317 0.3634019 0.3002853 1.039316 0.08506744 -0.2650461 1.235833 0.2773924 0.01761913 1.235831 -0.2261147 -0.1570761 1.235833 -0.2261147 0.1923143 1.235833 0.08506744 0.3002844 1.235833 -1.726742 0.3856861 -2.187592 -0.9322947 0.2846158 -0.4425882 -1.577348 0.3072127 -2.260152 -0.7829014 0.2061424 -0.5151475 -1.524844 0.1344851 -2.29406 -0.7303969 0.03341478 -0.5490556 -1.599984 -0.03131516 -2.269454 -0.8055375 -0.1323855 -0.5244495 -1.758754 -0.09306456 -2.200747 -0.964307 -0.1941349 -0.4557431 -1.908147 -0.01459114 -2.128188 -1.1137 -0.1156615 -0.3831838 -1.960652 0.1581364 -2.09428 -1.166205 0.05706611 -0.3492757 -1.885511 0.3239367 -2.118886 -1.091064 0.2228664 -0.3738818 1.762391 0.2631654 -2.166178 0.9089093 0.1675897 -0.4489613 1.923267 0.2202281 -2.088611 1.069785 0.1246524 -0.3713936 2.012599 0.06374375 -2.052921 1.159117 -0.03183191 -0.3357037 1.978058 -0.1146213 -2.080016 1.124576 -0.2101969 -0.3627985 1.839877 -0.2103832 -2.154023 0.9863952 -0.3059589 -0.4368061 1.679002 -0.1674459 -2.231591 0.8255197 -0.2630216 -0.5143738 1.58967 -0.0109616 -2.267281 0.7361878 -0.1065373 -0.5500636 1.624211 0.1674034 -2.240186 0.7707289 0.07182777 -0.5229688 -0.5368316 0.4200475 -5.231639 -0.5368316 0.4200475 -2.612018 -0.2892876 0.291622 -5.231639 -0.2892876 0.291622 -2.612018 -0.1867515 -0.01842451 -5.231639 -0.1867515 -0.01842451 -2.612018 -0.2892876 -0.328471 -5.231639 -0.2892876 -0.328471 -2.612018 -0.5368316 -0.4568965 -5.231639 -0.5368316 -0.4568965 -2.612018 -0.7843757 -0.328471 -5.231639 -0.7843757 -0.328471 -2.612018 -0.8869117 -0.01842451 -5.231639 -0.8869117 -0.01842451 -2.612018 -0.7843757 0.291622 -5.231639 -0.7843757 0.291622 -2.612018 0.5363355 -0.4443717 -5.279557 0.5363355 -0.4443717 -2.583233 0.7792525 -0.3187226 -5.279557 0.7792525 -0.3187226 -2.583233 0.879872 -0.01537883 -5.279557 0.879872 -0.01537883 -2.583233 0.7792525 0.2879649 -5.279557 0.7792525 0.2879649 -2.583233 0.5363355 0.413614 -5.279557 0.5363355 0.413614 -2.583233 0.2934186 0.2879649 -5.279557 0.2934186 0.2879649 -2.583233 0.1927991 -0.01537883 -5.279557 0.1927991 -0.01537883 -2.583233 0.2934186 -0.3187226 -5.279557 0.2934186 -0.3187226 -2.583233 -0.8329458 -0.3458816 -5.719324 -0.8329458 -0.3458816 -5.279325 -0.8329458 0.6179709 -5.719324 -0.8329458 0.6179709 -5.279325 -0.2802028 -0.3458816 -5.719324 -0.2802028 -0.3458816 -5.279325 -0.2802028 0.6179709 -5.719324 -0.2802028 0.6179709 -5.279325 0.2810836 -0.3787268 -5.752788 0.2810836 -0.3787268 -5.312787 0.2810836 0.6418537 -5.752788 0.2810836 0.6418537 -5.312787 0.8338267 -0.3787268 -5.752788 0.8338267 -0.3787268 -5.312787 0.8338267 0.6418537 -5.752788 0.8338267 0.6418537 -5.312787 0.09986484 -0.2010925 1.395217 0.1320504 -0.2013057 1.388783 0.1633231 -0.2062456 1.382624 0.192481 -0.2157224 1.376976 0.2184038 -0.2293718 1.372055 0.2400951 -0.2466693 1.368052 0.2567214 -0.2669502 1.36512 0.2676437 -0.2894351 1.363372 0.2724424 -0.31326 1.362874 0.270933 -0.3375091 1.363647 0.2631735 -0.3612507 1.365659 0.2494621 -0.3835725 1.368835 0.2303257 -0.4036164 1.373051 0.2064997 -0.4206124 1.378147 0.1788998 -0.4339072 1.383925 0.1485866 -0.44299 1.390165 0.116725 -0.4475116 1.396626 0.08453937 -0.4472984 1.403059 0.0532667 -0.4423585 1.409219 0.02410874 -0.4328817 1.414867 -0.001813993 -0.4192323 1.419787 -0.0235053 -0.4019348 1.42379 -0.04013161 -0.3816539 1.426723 -0.05105397 -0.359169 1.428471 -0.05585265 -0.3353442 1.428969 -0.05434322 -0.311095 1.428196 -0.0465837 -0.2873534 1.426183 -0.03287229 -0.2650317 1.423008 -0.01373589 -0.2449877 1.418791 0.01009007 -0.2279917 1.413696 0.03769 -0.2146969 1.407917 0.06800322 -0.2056141 1.401678 0.1864264 -0.316723 1.786537 0.004919708 -0.3505106 0.1525857 -0.3868979 -0.5466602 0.5373762 0.1545778 -0.6678903 0.537376 0.489232 -0.3505106 0.537379 0.1545778 -0.03313088 0.537376 -0.3868979 -0.154361 0.5373762 -0.1447384 -0.6678903 1.159995 0.3967373 -0.5466602 1.159995 0.3967373 -0.154361 1.159995 -0.1447384 -0.03313088 1.159995 -0.4793926 -0.3505106 1.159992 0.004919708 -0.3505106 1.544786 0.09288585 -0.5370603 0.2565452 -0.2253833 -0.4658037 0.2565454 -0.137418 -0.6523552 0.4827198 -0.4556876 -0.3505106 0.482721 -0.2253833 -0.2352175 0.2565454 0.2895909 -0.3505106 0.2565471 0.3775593 -0.5370609 0.4827208 0.09288585 -0.1639609 0.2565452 0.3775593 -0.1639603 0.4827208 -0.137418 -0.048666 0.4827198 -0.5100574 -0.4658041 0.8486857 -0.5100574 -0.2352171 0.8486857 0.004919708 -0.7236135 0.8486857 -0.3133534 -0.6523571 0.8486857 0.5198968 -0.4658041 0.8486857 0.3231928 -0.6523571 0.8486857 0.3231928 -0.04866412 0.8486857 0.5198968 -0.2352171 0.8486857 -0.3133534 -0.04866412 0.8486857 0.004919708 0.02259228 0.8486857 -0.3677199 -0.5370609 1.214651 0.1472574 -0.6523552 1.214652 0.465527 -0.3505106 1.214651 0.1472574 -0.048666 1.214652 -0.3677199 -0.1639603 1.214651 -0.08304644 -0.5370603 1.440826 -0.2797515 -0.3505106 1.440824 0.2352227 -0.4658037 1.440826 0.2352227 -0.2352175 1.440826 -0.08304644 -0.1639609 1.440826 -0.05263767 -0.2549908 1.377424 -0.01558864 -0.262861 1.387531 0.01949179 -0.2742754 1.397001 0.05125554 -0.2887955 1.40547 0.07848191 -0.3058631 1.412613 0.1001246 -0.3248225 1.418155 0.115352 -0.344945 1.421883 0.1235788 -0.3654574 1.423655 0.1244889 -0.3855713 1.423401 0.1180473 -0.4045137 1.421131 0.1045015 -0.4215569 1.416934 0.08437225 -0.4360456 1.410969 0.05843294 -0.4474233 1.403467 0.02768044 -0.4552526 1.394716 -0.006703451 -0.4592327 1.385051 -0.04339737 -0.4592105 1.374845 -0.0809912 -0.4551871 1.36449 -0.1180402 -0.4473169 1.354383 -0.1531207 -0.4359025 1.344913 -0.1848844 -0.4213824 1.336444 -0.2121108 -0.4043148 1.329301 -0.2337535 -0.3853554 1.323759 -0.2489808 -0.3652329 1.320031 -0.2572076 -0.3447205 1.31826 -0.2581177 -0.3246066 1.318514 -0.2516761 -0.3056641 1.320783 -0.2381304 -0.288621 1.32498 -0.2180011 -0.2741323 1.330945 -0.1920618 -0.2627546 1.338447 -0.1613093 -0.2549253 1.347198 -0.1269254 -0.2509452 1.356863 -0.09023149 -0.2509674 1.367069 -0.1776875 -0.3651392 1.769558 -0.1958614 -0.2621961 1.310435 -0.1772471 -0.2649828 1.327763 -0.159571 -0.271493 1.344475 -0.1435124 -0.2814766 1.359926 -0.1296885 -0.2945498 1.373523 -0.1186304 -0.3102103 1.384745 -0.1107632 -0.3278563 1.393159 -0.1063892 -0.3468097 1.398442 -0.1056764 -0.366342 1.400392 -0.1086523 -0.3857026 1.398933 -0.1152024 -0.4041476 1.394121 -0.1250752 -0.4209681 1.386142 -0.1378911 -0.4355177 1.375301 -0.1531577 -0.4472373 1.362016 -0.1702882 -0.4556764 1.346797 -0.1886244 -0.4605108 1.330229 -0.2074617 -0.4615548 1.312949 -0.226076 -0.4587681 1.29562 -0.2437521 -0.4522579 1.278909 -0.2598107 -0.4422743 1.263458 -0.2736346 -0.4292011 1.249861 -0.2846927 -0.4135406 1.238639 -0.2925599 -0.3958946 1.230225 -0.2969339 -0.3769413 1.224941 -0.2976467 -0.3574089 1.222992 -0.2946709 -0.3380483 1.224451 -0.2881207 -0.3196033 1.229263 -0.2782479 -0.3027828 1.237242 -0.265432 -0.2882332 1.248083 -0.2501655 -0.2765137 1.261368 -0.2330349 -0.2680745 1.276587 -0.2146987 -0.26324 1.293154 -0.4678181 -0.342744 1.600672 0.09903601 -0.3404392 1.393547 0.09984303 -0.3216712 1.392878 0.1041615 -0.3031914 1.388455 0.1118255 -0.2857101 1.380448 0.1225404 -0.2698991 1.369163 0.1358946 -0.2563659 1.355036 0.1513747 -0.2456307 1.338609 0.168386 -0.2381059 1.320513 0.1862747 -0.2340809 1.301443 0.2043533 -0.2337102 1.282133 0.221927 -0.237008 1.263324 0.2383206 -0.2438478 1.24574 0.2529041 -0.2539665 1.230056 0.2651169 -0.2669754 1.216875 0.2744899 -0.2823745 1.206703 0.2806627 -0.2995721 1.199931 0.2833981 -0.3179072 1.19682 0.2825911 -0.3366753 1.197489 0.2782726 -0.355155 1.201912 0.2706087 -0.3726363 1.209919 0.2598937 -0.3884473 1.221204 0.2465396 -0.4019805 1.235331 0.2310594 -0.4127157 1.251758 0.2140481 -0.4202405 1.269854 0.1961595 -0.4242655 1.288924 0.1780809 -0.4246362 1.308234 0.1605071 -0.4213384 1.327043 0.1441135 -0.4144987 1.344627 0.12953 -0.4043799 1.360311 0.1173172 -0.391371 1.373492 0.1079443 -0.3759719 1.383664 0.1017715 -0.3587744 1.390436 0.566525 -0.3327917 1.646487 0.2461344 -0.3947364 1.352362 0.2429362 -0.3689347 1.35264 0.2421568 -0.3432118 1.348048 0.2438262 -0.3185563 1.338764 0.2478802 -0.2959156 1.325143 0.2541631 -0.2761599 1.30771 0.2624332 -0.2600483 1.287134 0.272373 -0.2481999 1.264205 0.2836003 -0.2410702 1.239806 0.2956838 -0.2389331 1.214874 0.308159 -0.2418707 1.190366 0.3205466 -0.2497702 1.167225 0.3323704 -0.2623279 1.14634 0.3431762 -0.2790613 1.128513 0.3525486 -0.2993273 1.11443 0.3601274 -0.3223471 1.104632 0.3656216 -0.3472362 1.099495 0.3688198 -0.3730379 1.099217 0.3695992 -0.3987608 1.103809 0.3679298 -0.4234163 1.113093 0.3638758 -0.446057 1.126714 0.3575929 -0.4658127 1.144147 0.3493227 -0.4819243 1.164724 0.339383 -0.4937726 1.187652 0.3281556 -0.5009024 1.212051 0.3160722 -0.5030395 1.236984 0.303597 -0.5001019 1.261491 0.2912095 -0.4922024 1.284632 0.2793856 -0.4796447 1.305518 0.2685798 -0.4629113 1.323344 0.2592074 -0.4426453 1.337427 0.2516285 -0.4196254 1.347225 0.6386306 -0.3315145 1.390579 0.4214405 -0.3584094 1.11915 0.4160079 -0.3252506 1.119494 0.409454 -0.2932962 1.115995 0.4020305 -0.2637742 1.108787 0.3940229 -0.2378192 1.098146 0.3857387 -0.2164286 1.084483 0.3774964 -0.2004243 1.068321 0.3696127 -0.1904215 1.050283 0.3623905 -0.1868045 1.03106 0.3561075 -0.1897124 1.011393 0.3510051 -0.1990334 0.9920357 0.3472793 -0.2144092 0.9737334 0.3450733 -0.2352491 0.9571891 0.3444719 -0.2607521 0.9430385 0.3454983 -0.2899382 0.9318255 0.3481129 -0.3216857 0.9239809 0.3522153 -0.3547747 0.9198062 0.3576478 -0.3879335 0.9194618 0.3642018 -0.4198879 0.922961 0.3716252 -0.4494098 0.9301693 0.3796329 -0.4753649 0.9408097 0.387917 -0.4967555 0.9544732 0.3961594 -0.5127597 0.9706349 0.404043 -0.5227625 0.9886736 0.4112652 -0.5263795 1.007896 0.4175482 -0.5234717 1.027564 0.4226507 -0.5141507 1.04692 0.4263765 -0.4987749 1.065223 0.4285825 -0.477935 1.081767 0.4291838 -0.452432 1.095918 0.4281575 -0.4232459 1.107131 0.4255429 -0.3914984 1.114975 0.7588953 -0.2943045 0.8914077 -0.3403164 -0.3405295 1.049919 -0.339894 -0.3151711 1.053178 -0.3414154 -0.2908874 1.059134 -0.3448221 -0.2686115 1.06756 -0.3499832 -0.2491994 1.07813 -0.3567005 -0.2333973 1.090439 -0.3647156 -0.2218122 1.104013 -0.3737206 -0.2148895 1.118332 -0.3833696 -0.2128952 1.132844 -0.3932915 -0.2159059 1.146992 -0.4031053 -0.2238059 1.160233 -0.4124336 -0.2362917 1.172057 -0.4209181 -0.2528834 1.182011 -0.4282326 -0.2729433 1.18971 -0.4340962 -0.2957007 1.194861 -0.4382834 -0.3202809 1.197264 -0.4406334 -0.3457393 1.196828 -0.4410558 -0.3710977 1.193569 -0.4395344 -0.3953815 1.187613 -0.4361277 -0.4176574 1.179187 -0.4309665 -0.4370694 1.168617 -0.4242493 -0.4528716 1.156308 -0.4162342 -0.4644566 1.142734 -0.4072291 -0.4713793 1.128415 -0.3975802 -0.4733736 1.113903 -0.3876582 -0.4703629 1.099755 -0.3778445 -0.4624628 1.086514 -0.3685162 -0.4499771 1.07469 -0.3600317 -0.4333854 1.064737 -0.3527171 -0.4133255 1.057037 -0.3468536 -0.3905681 1.051886 -0.3426664 -0.3659879 1.049483 -0.6955534 -0.3114238 0.9161753 -0.3937075 -0.3463041 1.100175 -0.3973548 -0.3212355 1.105344 -0.3990043 -0.2973202 1.115093 -0.3985926 -0.2754773 1.129046 -0.3961353 -0.2565463 1.146669 -0.3917271 -0.2412545 1.167283 -0.3855372 -0.2301898 1.190096 -0.3778036 -0.2237772 1.214232 -0.3688234 -0.2222633 1.238763 -0.3589418 -0.2257061 1.262747 -0.3485385 -0.2339735 1.285261 -0.3380132 -0.2467476 1.305441 -0.3277706 -0.2635377 1.322511 -0.3182041 -0.2836984 1.335815 -0.3096815 -0.3064549 1.344842 -0.3025302 -0.3309329 1.349245 -0.2970251 -0.3561915 1.348854 -0.2933777 -0.3812601 1.343685 -0.2917282 -0.4051754 1.333937 -0.29214 -0.4270183 1.319983 -0.2945972 -0.4459493 1.302361 -0.2990054 -0.4612411 1.281747 -0.3051953 -0.4723058 1.258934 -0.312929 -0.4787184 1.234798 -0.3219091 -0.4802324 1.210267 -0.3317908 -0.4767895 1.186283 -0.3421941 -0.4685221 1.163769 -0.3527193 -0.455748 1.143589 -0.3629619 -0.438958 1.126519 -0.3725284 -0.4187973 1.113215 -0.381051 -0.3960407 1.104188 -0.3882023 -0.3715628 1.099785 -0.7123686 -0.4333915 1.363934 -0.3475406 -0.3281032 1.093428 -0.3493094 -0.3028011 1.096671 -0.3514944 -0.278707 1.103167 -0.3540116 -0.2567467 1.112665 -0.3567643 -0.2377644 1.124802 -0.3596468 -0.2224893 1.139109 -0.3625482 -0.2115085 1.155038 -0.365357 -0.2052441 1.171976 -0.3679653 -0.2039367 1.189273 -0.3702729 -0.2076366 1.206263 -0.3721911 -0.2162016 1.222294 -0.3736461 -0.2293026 1.23675 -0.3745821 -0.2464361 1.249075 -0.3749631 -0.2669436 1.258795 -0.3747745 -0.2900371 1.265538 -0.3740233 -0.3148291 1.269043 -0.3727387 -0.3403669 1.269177 -0.3709699 -0.365669 1.265933 -0.3687849 -0.3897631 1.259438 -0.3662677 -0.4117233 1.249939 -0.3635149 -0.4307057 1.237803 -0.3606325 -0.4459808 1.223496 -0.3577311 -0.4569615 1.207567 -0.3549223 -0.463226 1.190629 -0.3523139 -0.4645334 1.173332 -0.3500063 -0.4608334 1.156342 -0.3480882 -0.4522684 1.140311 -0.3466331 -0.4391675 1.125855 -0.3456971 -0.422034 1.11353 -0.3453162 -0.4015265 1.103809 -0.3455048 -0.378433 1.097067 -0.3462559 -0.353641 1.093562 -0.7258887 -0.3529145 1.127559 -0.3541924 0.5634437 0.9935851 0.3551776 0.5644525 1.008133 -0.3584903 0.3557101 1.217555 0.3508797 0.356719 1.232103 -0.1138085 0.5637855 0.998515 0.1226482 0.5641218 1.003364 0.1183504 0.3563883 1.227334 -0.1181063 0.356052 1.222485 -1.085371 -0.1776744 -2.203523 -1.26895 -0.1823841 -2.73249 -1.089001 0.1744154 -2.205398 -1.27258 0.1697057 -2.734365 -0.7422618 -0.1747707 -2.322626 -0.9258408 -0.1794804 -2.851592 -0.7458923 0.1773191 -2.324501 -0.9294713 0.1726094 -2.853467 -0.2006606 0.4117748 1.189903 0.1963431 0.3896903 1.191113 -0.1917162 0.5648037 1.048294 0.2052875 0.5427192 1.049504 -1.153597 -0.4367939 -0.9492531 -1.153597 -0.4367939 -0.1908216 -1.153597 0.4331673 -0.9492531 -1.153597 0.4331673 -0.1908216 1.156308 -0.4367939 -0.9492531 1.156308 -0.4367939 -0.1908216 1.156308 0.4331673 -0.9492531 1.156308 0.4331673 -0.1908216 0.007378936 -0.4853559 -0.5664917 0.007378936 -0.4797399 -0.6372439 0.007378936 -0.4769509 -0.7530714 0.007378936 -0.4754416 -0.9044075 0.007378936 -0.4752474 -0.98631 0.007378936 -0.4754416 -1.068213 0.007378936 -0.4769509 -1.219549 0.007378936 -0.4853559 -1.406128 0.02335732 -0.4834217 -0.5745584 0.03872166 -0.4815618 -0.5984485 0.05288152 -0.4798478 -0.6372439 0.06529274 -0.4783454 -0.6894537 0.07547836 -0.4771124 -0.7530714 0.08304696 -0.4761963 -0.8256525 0.08770768 -0.4756321 -0.9044075 0.08928142 -0.4754416 -0.98631 0.08770768 -0.4756321 -1.068213 0.08304696 -0.4761963 -1.146968 0.07547836 -0.4771124 -1.219549 0.06529274 -0.4783454 -1.283166 0.05288152 -0.4798478 -1.335376 0.03872166 -0.4815618 -1.374171 0.02335732 -0.4834217 -1.398062 0.03872166 -0.4835339 -0.5745584 0.06885991 -0.481782 -0.5984485 0.09663547 -0.4801674 -0.6372439 0.1209809 -0.4787522 -0.6894537 0.1409608 -0.4775907 -0.7530714 0.1558071 -0.4767277 -0.8256525 0.1649494 -0.4761963 -0.9044075 0.1680364 -0.4760168 -0.98631 0.1649494 -0.4761963 -1.068213 0.1558071 -0.4767277 -1.146968 0.1409608 -0.4775907 -1.219549 0.1209809 -0.4787522 -1.283166 0.09663547 -0.4801674 -1.335376 0.06885991 -0.481782 -1.374171 0.03872166 -0.4835339 -1.398062 0.05288151 -0.4837161 -0.5745584 0.09663547 -0.4821394 -0.5984485 0.1369593 -0.4806863 -0.6372439 0.1723035 -0.4794127 -0.6894537 0.2013097 -0.4783674 -0.7530714 0.2228632 -0.4775907 -0.8256525 0.2361359 -0.4771124 -0.9044075 0.2406175 -0.4769509 -0.98631 0.2361359 -0.4771124 -1.068213 0.2228632 -0.4775907 -1.146968 0.2013097 -0.4783674 -1.219549 0.1723035 -0.4794127 -1.283166 0.1369593 -0.4806863 -1.335376 0.09663547 -0.4821394 -1.374171 0.05288151 -0.4837161 -1.398062 0.06529273 -0.4839614 -0.5745584 0.1209809 -0.4826205 -0.5984485 0.1723035 -0.4813848 -0.6372439 0.2172881 -0.4803016 -0.6894537 0.2542059 -0.4794127 -0.7530714 0.2816384 -0.4787522 -0.8256525 0.2985313 -0.4783454 -0.9044075 0.3042353 -0.4782081 -0.98631 0.2985313 -0.4783454 -1.068213 0.2816384 -0.4787522 -1.146968 0.2542059 -0.4794127 -1.219549 0.2172881 -0.4803016 -1.283166 0.1723035 -0.4813848 -1.335376 0.1209809 -0.4826205 -1.374171 0.06529273 -0.4839614 -1.398062 0.07547835 -0.4842602 -0.5745584 0.1409608 -0.4832067 -0.5984485 0.2013097 -0.4822358 -0.6372439 0.2542059 -0.4813848 -0.6894537 0.2976168 -0.4806863 -0.7530714 0.3298739 -0.4801674 -0.8256525 0.3497379 -0.4798478 -0.9044075 0.356445 -0.4797399 -0.98631 0.3497379 -0.4798478 -1.068213 0.3298739 -0.4801674 -1.146968 0.2976168 -0.4806863 -1.219549 0.2542059 -0.4813848 -1.283166 0.2013097 -0.4822358 -1.335376 0.1409608 -0.4832067 -1.374171 0.07547835 -0.4842602 -1.398062 0.08304695 -0.4846012 -0.5745584 0.1558071 -0.4838755 -0.5984485 0.2228632 -0.4832067 -0.6372439 0.2816384 -0.4826205 -0.6894537 0.3298739 -0.4821394 -0.7530714 0.3657162 -0.481782 -0.8256525 0.3877878 -0.4815618 -0.9044075 0.3952404 -0.4814875 -0.98631 0.3877878 -0.4815618 -1.068213 0.3657162 -0.481782 -1.146968 0.3298739 -0.4821394 -1.219549 0.2816384 -0.4826205 -1.283166 0.2228632 -0.4832067 -1.335376 0.1558071 -0.4838755 -1.374171 0.08304695 -0.4846012 -1.398062 0.08770767 -0.4849711 -0.5745584 0.1649494 -0.4846012 -0.5984485 0.2361358 -0.4842602 -0.6372439 0.2985313 -0.4839614 -0.6894537 0.3497378 -0.4837161 -0.7530714 0.3877878 -0.4835339 -0.8256525 0.4112188 -0.4834217 -0.9044075 0.4191304 -0.4833838 -0.98631 0.4112188 -0.4834217 -1.068213 0.3877878 -0.4835339 -1.146968 0.3497378 -0.4837161 -1.219549 0.2985313 -0.4839614 -1.283166 0.2361358 -0.4842602 -1.335376 0.1649494 -0.4846012 -1.374171 0.08770767 -0.4849711 -1.398062 0.0892814 -0.4853559 -0.5745584 0.1680364 -0.4853559 -0.5984485 0.2406174 -0.4853559 -0.6372439 0.3042352 -0.4853559 -0.6894537 0.356445 -0.4853559 -0.7530714 0.3952404 -0.4853559 -0.8256525 0.4191305 -0.4853559 -0.9044075 0.4271971 -0.4853559 -0.98631 0.4191305 -0.4853559 -1.068213 0.3952404 -0.4853559 -1.146968 0.356445 -0.4853559 -1.219549 0.3042352 -0.4853559 -1.283166 0.2406174 -0.4853559 -1.335376 0.1680364 -0.4853559 -1.374171 0.0892814 -0.4853559 -1.398062 0.08770766 -0.4857406 -0.5745584 0.1649494 -0.4861105 -0.5984485 0.2361358 -0.4864515 -0.6372439 0.2985312 -0.4867503 -0.6894537 0.3497378 -0.4869956 -0.7530714 0.3877878 -0.4871778 -0.8256525 0.4112188 -0.48729 -0.9044075 0.4191304 -0.4873279 -0.98631 0.4112188 -0.48729 -1.068213 0.3877878 -0.4871778 -1.146968 0.3497378 -0.4869956 -1.219549 0.2985312 -0.4867503 -1.283166 0.2361358 -0.4864515 -1.335376 0.1649494 -0.4861105 -1.374171 0.08770766 -0.4857406 -1.398062 0.08304694 -0.4861105 -0.5745584 0.1558071 -0.4868362 -0.5984485 0.2228632 -0.487505 -0.6372439 0.2816384 -0.4880912 -0.6894537 0.3298739 -0.4885723 -0.7530714 0.3657162 -0.4889297 -0.8256525 0.3877877 -0.4891499 -0.9044075 0.3952403 -0.4892242 -0.98631 0.3877877 -0.4891499 -1.068213 0.3657162 -0.4889297 -1.146968 0.3298739 -0.4885723 -1.219549 0.2816384 -0.4880912 -1.283166 0.2228632 -0.487505 -1.335376 0.1558071 -0.4868362 -1.374171 0.08304694 -0.4861105 -1.398062 0.07547833 -0.4864515 -0.5745584 0.1409607 -0.487505 -0.5984485 0.2013096 -0.4884759 -0.6372439 0.2542059 -0.489327 -0.6894537 0.2976167 -0.4900254 -0.7530714 0.3298739 -0.4905443 -0.8256525 0.3497378 -0.4908639 -0.9044075 0.3564449 -0.4909718 -0.98631 0.3497378 -0.4908639 -1.068213 0.3298739 -0.4905443 -1.146968 0.2976167 -0.4900254 -1.219549 0.2542059 -0.489327 -1.283166 0.2013096 -0.4884759 -1.335376 0.1409607 -0.487505 -1.374171 0.07547833 -0.4864515 -1.398062 0.0652927 -0.4867503 -0.5745584 0.1209809 -0.4880912 -0.5984485 0.1723034 -0.489327 -0.6372439 0.217288 -0.4904101 -0.6894537 0.2542059 -0.491299 -0.7530714 0.2816384 -0.4919595 -0.8256525 0.2985312 -0.4923663 -0.9044075 0.3042351 -0.4925036 -0.98631 0.2985312 -0.4923663 -1.068213 0.2816384 -0.4919595 -1.146968 0.2542059 -0.491299 -1.219549 0.217288 -0.4904101 -1.283166 0.1723034 -0.489327 -1.335376 0.1209809 -0.4880912 -1.374171 0.0652927 -0.4867503 -1.398062 0.05288149 -0.4869956 -0.5745584 0.09663543 -0.4885723 -0.5984485 0.1369592 -0.4900254 -0.6372439 0.1723035 -0.491299 -0.6894537 0.2013096 -0.4923443 -0.7530714 0.2228632 -0.493121 -0.8256525 0.2361358 -0.4935993 -0.9044075 0.2406173 -0.4937608 -0.98631 0.2361358 -0.4935993 -1.068213 0.2228632 -0.493121 -1.146968 0.2013096 -0.4923443 -1.219549 0.1723035 -0.491299 -1.283166 0.1369592 -0.4900254 -1.335376 0.09663543 -0.4885723 -1.374171 0.05288149 -0.4869956 -1.398062 0.03872164 -0.4871778 -0.5745584 0.06885986 -0.4889297 -0.5984485 0.09663539 -0.4905443 -0.6372439 0.1209809 -0.4919595 -0.6894537 0.1409607 -0.493121 -0.7530714 0.1558071 -0.493984 -0.8256525 0.1649493 -0.4945154 -0.9044075 0.1680362 -0.4946949 -0.98631 0.1649493 -0.4945154 -1.068213 0.1558071 -0.493984 -1.146968 0.1409607 -0.493121 -1.219549 0.1209809 -0.4919595 -1.283166 0.09663539 -0.4905443 -1.335376 0.06885986 -0.4889297 -1.374171 0.03872164 -0.4871778 -1.398062 0.02335731 -0.48729 -0.5745584 0.03872163 -0.4891499 -0.5984485 0.05288146 -0.4908639 -0.6372439 0.06529272 -0.4923663 -0.6894537 0.0754783 -0.4935993 -0.7530714 0.08304696 -0.4945154 -0.8256525 0.0877076 -0.4950796 -0.9044075 0.08928125 -0.4952701 -0.98631 0.0877076 -0.4950796 -1.068213 0.08304696 -0.4945154 -1.146968 0.0754783 -0.4935993 -1.219549 0.06529272 -0.4923663 -1.283166 0.05288146 -0.4908639 -1.335376 0.03872163 -0.4891499 -1.374171 0.02335731 -0.48729 -1.398062 0.007378933 -0.4873279 -0.5745584 0.007378914 -0.4892242 -0.5984485 0.007378895 -0.4909718 -0.6372439 0.00737893 -0.4925036 -0.6894537 0.007378892 -0.4937608 -0.7530714 0.007378948 -0.4946949 -0.8256525 0.007378879 -0.4952701 -0.9044075 0.007378798 -0.4954643 -0.98631 0.007378879 -0.4952701 -1.068213 0.007378948 -0.4946949 -1.146968 0.007378892 -0.4937608 -1.219549 0.00737893 -0.4925036 -1.283166 0.007378895 -0.4909718 -1.335376 0.007378914 -0.4892242 -1.374171 0.007378933 -0.4873279 -1.398062 -0.008599438 -0.48729 -0.5745584 -0.0239638 -0.4891499 -0.5984485 -0.03812366 -0.4908639 -0.6372439 -0.05053486 -0.4923663 -0.6894537 -0.06072051 -0.4935993 -0.7530714 -0.06828906 -0.4945154 -0.8256525 -0.07294984 -0.4950796 -0.9044075 -0.07452363 -0.4952701 -0.98631 -0.07294984 -0.4950796 -1.068213 -0.06828906 -0.4945154 -1.146968 -0.06072051 -0.4935993 -1.219549 -0.05053486 -0.4923663 -1.283166 -0.03812366 -0.4908639 -1.335376 -0.0239638 -0.4891499 -1.374171 -0.008599438 -0.48729 -1.398062 -0.02396377 -0.4871778 -0.5745584 -0.05410203 -0.4889297 -0.5984485 -0.08187758 -0.4905443 -0.6372439 -0.106223 -0.4919595 -0.6894537 -0.1262029 -0.493121 -0.7530714 -0.1410492 -0.493984 -0.8256525 -0.1501916 -0.4945154 -0.9044075 -0.1532786 -0.4946949 -0.98631 -0.1501916 -0.4945154 -1.068213 -0.1410492 -0.493984 -1.146968 -0.1262029 -0.493121 -1.219549 -0.106223 -0.4919595 -1.283166 -0.08187758 -0.4905443 -1.335376 -0.05410203 -0.4889297 -1.374171 -0.02396377 -0.4871778 -1.398062 -0.03812362 -0.4869956 -0.5745584 -0.08187758 -0.4885723 -0.5984485 -0.1222014 -0.4900254 -0.6372439 -0.1575456 -0.491299 -0.6894537 -0.1865518 -0.4923443 -0.7530714 -0.2081053 -0.493121 -0.8256525 -0.221378 -0.4935993 -0.9044075 -0.2258596 -0.4937607 -0.98631 -0.221378 -0.4935993 -1.068213 -0.2081053 -0.493121 -1.146968 -0.1865518 -0.4923443 -1.219549 -0.1575456 -0.491299 -1.283166 -0.1222014 -0.4900254 -1.335376 -0.08187758 -0.4885723 -1.374171 -0.03812362 -0.4869956 -1.398062 -0.05053482 -0.4867503 -0.5745584 -0.106223 -0.4880912 -0.5984485 -0.1575455 -0.489327 -0.6372439 -0.2025302 -0.4904101 -0.6894537 -0.239448 -0.491299 -0.7530714 -0.2668805 -0.4919595 -0.8256525 -0.2837733 -0.4923663 -0.9044075 -0.2894773 -0.4925036 -0.98631 -0.2837733 -0.4923663 -1.068213 -0.2668805 -0.4919595 -1.146968 -0.239448 -0.491299 -1.219549 -0.2025302 -0.4904101 -1.283166 -0.1575455 -0.489327 -1.335376 -0.106223 -0.4880912 -1.374171 -0.05053482 -0.4867503 -1.398062 -0.06072044 -0.4864515 -0.5745584 -0.1262029 -0.487505 -0.5984485 -0.1865517 -0.4884759 -0.6372439 -0.239448 -0.489327 -0.6894537 -0.2828588 -0.4900254 -0.7530714 -0.315116 -0.4905443 -0.8256525 -0.3349799 -0.4908639 -0.9044075 -0.341687 -0.4909718 -0.98631 -0.3349799 -0.4908639 -1.068213 -0.315116 -0.4905443 -1.146968 -0.2828588 -0.4900254 -1.219549 -0.239448 -0.489327 -1.283166 -0.1865517 -0.4884759 -1.335376 -0.1262029 -0.487505 -1.374171 -0.06072044 -0.4864515 -1.398062 -0.06828903 -0.4861105 -0.5745584 -0.1410492 -0.4868362 -0.5984485 -0.2081052 -0.487505 -0.6372439 -0.2668805 -0.4880912 -0.6894537 -0.315116 -0.4885723 -0.7530714 -0.3509582 -0.4889297 -0.8256525 -0.3730298 -0.4891499 -0.9044075 -0.3804823 -0.4892242 -0.98631 -0.3730298 -0.4891499 -1.068213 -0.3509582 -0.4889297 -1.146968 -0.315116 -0.4885723 -1.219549 -0.2668805 -0.4880912 -1.283166 -0.2081052 -0.487505 -1.335376 -0.1410492 -0.4868362 -1.374171 -0.06828903 -0.4861105 -1.398062 -0.07294974 -0.4857406 -0.5745584 -0.1501915 -0.4861105 -0.5984485 -0.2213778 -0.4864515 -0.6372439 -0.2837733 -0.4867503 -0.6894537 -0.3349798 -0.4869956 -0.7530714 -0.3730298 -0.4871778 -0.8256525 -0.3964608 -0.48729 -0.9044075 -0.4043723 -0.4873279 -0.98631 -0.3964608 -0.48729 -1.068213 -0.3730298 -0.4871778 -1.146968 -0.3349798 -0.4869956 -1.219549 -0.2837733 -0.4867503 -1.283166 -0.2213778 -0.4864515 -1.335376 -0.1501915 -0.4861105 -1.374171 -0.07294974 -0.4857406 -1.398062 -0.07452347 -0.4853559 -0.5745584 -0.1532785 -0.4853559 -0.5984485 -0.2258594 -0.4853559 -0.6372439 -0.2894773 -0.4853559 -0.6894537 -0.341687 -0.4853559 -0.7530714 -0.3804824 -0.4853559 -0.8256525 -0.4043725 -0.4853559 -0.9044075 -0.412439 -0.4853559 -0.98631 -0.4043725 -0.4853559 -1.068213 -0.3804824 -0.4853559 -1.146968 -0.341687 -0.4853559 -1.219549 -0.2894773 -0.4853559 -1.283166 -0.2258594 -0.4853559 -1.335376 -0.1532785 -0.4853559 -1.374171 -0.07452347 -0.4853559 -1.398062 -0.07294974 -0.4849711 -0.5745584 -0.1501915 -0.4846012 -0.5984485 -0.2213778 -0.4842602 -0.6372439 -0.2837733 -0.4839614 -0.6894537 -0.3349798 -0.4837161 -0.7530714 -0.3730298 -0.4835339 -0.8256525 -0.3964607 -0.4834217 -0.9044075 -0.4043722 -0.4833838 -0.98631 -0.3964607 -0.4834217 -1.068213 -0.3730298 -0.4835339 -1.146968 -0.3349798 -0.4837161 -1.219549 -0.2837733 -0.4839614 -1.283166 -0.2213778 -0.4842602 -1.335376 -0.1501915 -0.4846012 -1.374171 -0.07294974 -0.4849711 -1.398062 -0.06828902 -0.4846012 -0.5745584 -0.1410492 -0.4838755 -0.5984485 -0.2081052 -0.4832067 -0.6372439 -0.2668805 -0.4826205 -0.6894537 -0.3151159 -0.4821394 -0.7530714 -0.3509582 -0.481782 -0.8256525 -0.3730297 -0.4815618 -0.9044075 -0.3804821 -0.4814875 -0.98631 -0.3730297 -0.4815618 -1.068213 -0.3509582 -0.481782 -1.146968 -0.3151159 -0.4821394 -1.219549 -0.2668805 -0.4826205 -1.283166 -0.2081052 -0.4832067 -1.335376 -0.1410492 -0.4838755 -1.374171 -0.06828902 -0.4846012 -1.398062 -0.06072042 -0.4842602 -0.5745584 -0.1262028 -0.4832067 -0.5984485 -0.1865516 -0.4822358 -0.6372439 -0.239448 -0.4813848 -0.6894537 -0.2828587 -0.4806863 -0.7530714 -0.315116 -0.4801674 -0.8256525 -0.3349797 -0.4798478 -0.9044075 -0.3416867 -0.4797399 -0.98631 -0.3349797 -0.4798478 -1.068213 -0.315116 -0.4801674 -1.146968 -0.2828587 -0.4806863 -1.219549 -0.239448 -0.4813848 -1.283166 -0.1865516 -0.4822358 -1.335376 -0.1262028 -0.4832067 -1.374171 -0.06072042 -0.4842602 -1.398062 -0.0505348 -0.4839614 -0.5745584 -0.106223 -0.4826205 -0.5984485 -0.1575454 -0.4813848 -0.6372439 -0.2025301 -0.4803016 -0.6894537 -0.2394479 -0.4794127 -0.7530714 -0.2668804 -0.4787522 -0.8256525 -0.2837732 -0.4783454 -0.9044075 -0.289477 -0.4782081 -0.98631 -0.2837732 -0.4783454 -1.068213 -0.2668804 -0.4787522 -1.146968 -0.2394479 -0.4794127 -1.219549 -0.2025301 -0.4803016 -1.283166 -0.1575454 -0.4813848 -1.335376 -0.106223 -0.4826205 -1.374171 -0.0505348 -0.4839614 -1.398062 -0.03812359 -0.4837161 -0.5745584 -0.08187752 -0.4821394 -0.5984485 -0.1222012 -0.4806863 -0.6372439 -0.1575455 -0.4794127 -0.6894537 -0.1865516 -0.4783674 -0.7530714 -0.2081053 -0.4775907 -0.8256525 -0.2213778 -0.4771124 -0.9044075 -0.2258592 -0.476951 -0.98631 -0.2213778 -0.4771124 -1.068213 -0.2081053 -0.4775907 -1.146968 -0.1865516 -0.4783674 -1.219549 -0.1575455 -0.4794127 -1.283166 -0.1222012 -0.4806863 -1.335376 -0.08187752 -0.4821394 -1.374171 -0.03812359 -0.4837161 -1.398062 -0.02396375 -0.4835339 -0.5745584 -0.05410197 -0.481782 -0.5984485 -0.08187741 -0.4801674 -0.6372439 -0.106223 -0.4787522 -0.6894537 -0.1262027 -0.4775907 -0.7530714 -0.1410491 -0.4767277 -0.8256525 -0.1501914 -0.4761963 -0.9044075 -0.1532782 -0.4760168 -0.98631 -0.1501914 -0.4761963 -1.068213 -0.1410491 -0.4767277 -1.146968 -0.1262027 -0.4775907 -1.219549 -0.106223 -0.4787522 -1.283166 -0.08187741 -0.4801674 -1.335376 -0.05410197 -0.481782 -1.374171 -0.02396375 -0.4835339 -1.398062 -0.008599423 -0.4834217 -0.5745584 -0.02396375 -0.4815618 -0.5984485 -0.03812351 -0.4798478 -0.6372439 -0.05053481 -0.4783454 -0.6894537 -0.06072035 -0.4771124 -0.7530714 -0.06828903 -0.4761963 -0.8256525 -0.07294965 -0.4756321 -0.9044075 -0.07452326 -0.4754416 -0.98631 -0.07294965 -0.4756321 -1.068213 -0.06828903 -0.4761963 -1.146968 -0.06072035 -0.4771124 -1.219549 -0.05053481 -0.4783454 -1.283166 -0.03812351 -0.4798478 -1.335376 -0.02396375 -0.4815618 -1.374171 -0.008599423 -0.4834217 -1.398062 0.007378942 -0.4833838 -0.5745584 0.007378964 -0.4814875 -0.5984485 0.007378974 -0.4782081 -0.6894537 0.007378961 -0.4760168 -0.8256525 0.007378961 -0.4760168 -1.146968 0.007378974 -0.4782081 -1.283166 0.007379027 -0.4797399 -1.335376 0.007378964 -0.4814875 -1.374171 0.007378942 -0.4833838 -1.398062 0.4290546 -0.3857193 1.19667 0.4283473 -0.352158 1.19818 0.4280019 -0.3194537 1.195614 0.4280318 -0.288863 1.18907 0.4284358 -0.2615616 1.1788 0.4291984 -0.2385987 1.165198 0.4302902 -0.2208567 1.148788 0.4316694 -0.2090174 1.130199 0.4332828 -0.2035358 1.110147 0.4350685 -0.2046225 1.089402 0.436958 -0.2122359 1.06876 0.4388785 -0.2260833 1.049016 0.4407562 -0.2456325 1.030928 0.4425191 -0.2701324 1.015191 0.4440993 -0.2986413 1.00241 0.4454361 -0.3300638 0.9930757 0.4464782 -0.3631922 0.9875475 0.4471855 -0.3967534 0.9860376 0.4475309 -0.4294578 0.9886038 0.4475009 -0.4600485 0.9951478 0.4470969 -0.4873499 1.005418 0.4463344 -0.5103128 1.019019 0.4452425 -0.5280548 1.03543 0.4438634 -0.5398941 1.054018 0.44225 -0.5453757 1.07407 0.4404642 -0.5442889 1.094816 0.4385748 -0.5366756 1.115457 0.4366543 -0.5228282 1.135202 0.4347765 -0.503279 1.15329 0.4330137 -0.4787791 1.169027 0.4314335 -0.4502701 1.181808 0.4300967 -0.4188477 1.191142 0.8346623 -0.3676121 1.125915 -0.3535766 -0.3045899 0.889771 -0.3677035 -0.290325 0.9167169 -0.3817469 -0.2801422 0.9445625 -0.3951669 -0.2744331 0.9722378 -0.407448 -0.2734169 0.9986791 -0.4181181 -0.2771327 1.02287 -0.4267673 -0.2854377 1.043882 -0.4330631 -0.2980128 1.060907 -0.4367636 -0.3143747 1.07329 -0.4377265 -0.3338946 1.080556 -0.435915 -0.3558223 1.082425 -0.4313985 -0.3793153 1.078826 -0.4243507 -0.4034706 1.069897 -0.4150424 -0.4273601 1.055981 -0.4038313 -0.4500656 1.037613 -0.3911483 -0.4707146 1.015499 -0.3774807 -0.4885136 0.9904882 -0.3633538 -0.5027785 0.9635422 -0.3493105 -0.5129613 0.9356966 -0.3358904 -0.5186704 0.9080213 -0.3236093 -0.5196866 0.88158 -0.3129392 -0.5159708 0.8573886 -0.30429 -0.5076658 0.836377 -0.2979943 -0.4950907 0.8193525 -0.2942938 -0.4787289 0.8069694 -0.2933308 -0.459209 0.7997035 -0.2951424 -0.4372812 0.7978342 -0.2996588 -0.4137883 0.8014332 -0.3067066 -0.3896329 0.8103622 -0.3160149 -0.3657434 0.8242781 -0.327226 -0.3430379 0.8426461 -0.339909 -0.3223889 0.8647603 -0.7252969 -0.4403757 0.7747142 1.286162 -0.04255652 -0.5734619 1.300468 0.05679937 -0.5999894 1.323889 0.1061401 -0.6434174 1.354489 0.1328431 -0.7001587 1.37105 0.1362794 -0.7308669 1.387611 0.1328431 -0.7615751 1.418211 0.1061401 -0.8183165 1.455938 -0.04255652 -0.8882719 1.287794 -0.008337758 -0.5764863 1.292624 0.024566 -0.5854434 1.300469 0.05489028 -0.5999891 1.311026 0.08146971 -0.6195643 1.32389 0.1032829 -0.6434168 1.338566 0.1194916 -0.67063 1.354491 0.1294728 -0.7001581 1.371051 0.1328431 -0.7308663 1.387612 0.1294728 -0.7615744 1.403536 0.1194916 -0.7911026 1.418212 0.1032829 -0.8183159 1.431076 0.08146971 -0.8421686 1.441632 0.05489028 -0.861744 1.449477 0.024566 -0.8762899 1.454307 -0.008337758 -0.8852472 1.287794 -0.01032316 -0.5764862 1.292625 0.02067152 -0.5854431 1.30047 0.04923634 -0.5999887 1.311027 0.07427364 -0.6195639 1.323891 0.0948212 -0.6434163 1.338567 0.1100895 -0.6706294 1.354492 0.1194916 -0.7001575 1.371053 0.1226663 -0.7308656 1.387613 0.1194916 -0.7615739 1.403538 0.1100895 -0.791102 1.418213 0.0948212 -0.8183154 1.431077 0.07427364 -0.8421681 1.441633 0.04923634 -0.8617437 1.449477 0.02067152 -0.8762897 1.454307 -0.01032316 -0.8852471 1.287794 -0.01354726 -0.5764861 1.292625 0.0143472 -0.585443 1.30047 0.04005487 -0.5999884 1.311028 0.06258785 -0.6195635 1.323892 0.08108016 -0.6434158 1.338568 0.09482121 -0.6706289 1.354493 0.1032829 -0.7001569 1.371054 0.10614 -0.730865 1.387614 0.1032829 -0.7615733 1.403538 0.09482121 -0.7911015 1.418214 0.08108016 -0.8183149 1.431077 0.06258785 -0.8421677 1.441634 0.04005487 -0.8617433 1.449478 0.0143472 -0.8762894 1.454308 -0.01354726 -0.885247 1.287794 -0.01788617 -0.576486 1.292626 0.005836114 -0.5854428 1.300471 0.02769869 -0.5999881 1.311028 0.04686142 -0.6195631 1.323893 0.06258783 -0.6434154 1.338569 0.07427364 -0.6706284 1.354494 0.08146971 -0.7001564 1.371055 0.08389951 -0.7308645 1.387615 0.08146971 -0.7615728 1.403539 0.07427364 -0.791101 1.418215 0.06258783 -0.8183144 1.431078 0.04686142 -0.8421674 1.441634 0.02769869 -0.861743 1.449478 0.005836114 -0.8762892 1.454308 -0.01788617 -0.8852469 1.287794 -0.02317316 -0.5764859 1.292626 -0.004534673 -0.5854426 1.300471 0.01264264 -0.5999879 1.311029 0.0276987 -0.6195628 1.323893 0.04005486 -0.643415 1.33857 0.04923636 -0.670628 1.354494 0.05489025 -0.700156 1.371055 0.05679933 -0.7308641 1.387616 0.05489025 -0.7615724 1.40354 0.04923636 -0.7911006 1.418216 0.04005486 -0.8183141 1.431079 0.0276987 -0.842167 1.441635 0.01264264 -0.8617428 1.449478 -0.004534673 -0.8762891 1.454308 -0.02317316 -0.8852469 1.287794 -0.02920503 -0.5764858 1.292626 -0.01636662 -0.5854425 1.300472 -0.00453468 -0.5999877 1.311029 0.005836118 -0.6195626 1.323894 0.01434718 -0.6434148 1.33857 0.02067152 -0.6706277 1.354495 0.02456597 -0.7001557 1.371056 0.02588097 -0.7308638 1.387617 0.02456597 -0.761572 1.403541 0.02067152 -0.7911003 1.418216 0.01434718 -0.8183138 1.431079 0.005836118 -0.8421668 1.441635 -0.00453468 -0.8617426 1.449479 -0.01636662 -0.876289 1.454308 -0.02920503 -0.8852468 1.287795 -0.03574999 -0.5764858 1.292626 -0.02920503 -0.5854424 1.300472 -0.02317316 -0.5999876 1.31103 -0.01788617 -0.6195624 1.323894 -0.01354728 -0.6434146 1.338571 -0.01032314 -0.6706275 1.354495 -0.008337777 -0.7001554 1.371056 -0.007667407 -0.7308636 1.387617 -0.008337777 -0.7615718 1.403541 -0.01032314 -0.7911001 1.418216 -0.01354728 -0.8183137 1.431079 -0.01788617 -0.8421667 1.441635 -0.02317316 -0.8617425 1.449479 -0.02920503 -0.8762889 1.454308 -0.03574999 -0.8852468 1.287795 -0.04255653 -0.5764858 1.292626 -0.04255653 -0.5854424 1.300472 -0.04255654 -0.5999876 1.31103 -0.04255652 -0.6195624 1.323894 -0.04255654 -0.6434146 1.338571 -0.04255652 -0.6706275 1.354496 -0.04255654 -0.7001554 1.371056 -0.04255655 -0.7308635 1.387617 -0.04255654 -0.7615718 1.403541 -0.04255652 -0.7911001 1.418216 -0.04255654 -0.8183136 1.431079 -0.04255652 -0.8421667 1.441635 -0.04255654 -0.8617425 1.449479 -0.04255653 -0.8762889 1.454308 -0.04255653 -0.8852468 1.287795 -0.04936306 -0.5764858 1.292626 -0.05590803 -0.5854424 1.300472 -0.0619399 -0.5999876 1.31103 -0.06722687 -0.6195624 1.323894 -0.07156581 -0.6434146 1.338571 -0.07478988 -0.6706275 1.354495 -0.0767753 -0.7001554 1.371056 -0.07744569 -0.7308636 1.387617 -0.0767753 -0.7615718 1.403541 -0.07478988 -0.7911001 1.418216 -0.07156581 -0.8183137 1.431079 -0.06722687 -0.8421667 1.441635 -0.0619399 -0.8617425 1.449479 -0.05590803 -0.8762889 1.454308 -0.04936306 -0.8852468 1.287794 -0.05590802 -0.5764858 1.292626 -0.06874643 -0.5854425 1.300472 -0.08057838 -0.5999877 1.311029 -0.09094916 -0.6195626 1.323894 -0.09946025 -0.6434148 1.33857 -0.1057845 -0.6706277 1.354495 -0.1096791 -0.7001557 1.371056 -0.1109941 -0.7308638 1.387617 -0.1096791 -0.761572 1.403541 -0.1057845 -0.7911003 1.418216 -0.09946025 -0.8183138 1.431079 -0.09094916 -0.8421668 1.441635 -0.08057838 -0.8617426 1.449479 -0.06874643 -0.876289 1.454308 -0.05590802 -0.8852468 1.287794 -0.06193989 -0.5764859 1.292626 -0.08057838 -0.5854426 1.300471 -0.09775569 -0.5999879 1.311029 -0.1128117 -0.6195628 1.323893 -0.1251679 -0.643415 1.33857 -0.1343494 -0.670628 1.354494 -0.1400033 -0.700156 1.371055 -0.1419124 -0.7308641 1.387616 -0.1400033 -0.7615724 1.40354 -0.1343494 -0.7911006 1.418216 -0.1251679 -0.8183141 1.431079 -0.1128117 -0.842167 1.441635 -0.09775569 -0.8617428 1.449478 -0.08057838 -0.8762891 1.454308 -0.06193989 -0.8852469 1.287794 -0.06722687 -0.576486 1.292626 -0.09094916 -0.5854428 1.300471 -0.1128117 -0.5999881 1.311028 -0.1319745 -0.6195631 1.323893 -0.1477009 -0.6434154 1.338569 -0.1593867 -0.6706284 1.354494 -0.1665828 -0.7001564 1.371055 -0.1690126 -0.7308645 1.387615 -0.1665828 -0.7615728 1.403539 -0.1593867 -0.791101 1.418215 -0.1477009 -0.8183144 1.431078 -0.1319745 -0.8421674 1.441634 -0.1128117 -0.861743 1.449478 -0.09094916 -0.8762892 1.454308 -0.06722687 -0.8852469 1.287794 -0.07156578 -0.5764861 1.292625 -0.09946024 -0.585443 1.30047 -0.1251679 -0.5999884 1.311028 -0.1477009 -0.6195635 1.323892 -0.1661932 -0.6434158 1.338568 -0.1799342 -0.6706289 1.354493 -0.1883959 -0.7001569 1.371054 -0.1912531 -0.730865 1.387614 -0.1883959 -0.7615733 1.403538 -0.1799342 -0.7911015 1.418214 -0.1661932 -0.8183149 1.431077 -0.1477009 -0.8421677 1.441634 -0.1251679 -0.8617433 1.449478 -0.09946024 -0.8762894 1.454308 -0.07156578 -0.885247 1.287794 -0.07478988 -0.5764862 1.292625 -0.1057845 -0.5854431 1.30047 -0.1343494 -0.5999887 1.311027 -0.1593867 -0.6195639 1.323891 -0.1799342 -0.6434163 1.338567 -0.1952025 -0.6706294 1.354492 -0.2046046 -0.7001575 1.371053 -0.2077793 -0.7308656 1.387613 -0.2046046 -0.7615739 1.403538 -0.1952025 -0.791102 1.418213 -0.1799342 -0.8183154 1.431077 -0.1593867 -0.8421681 1.441633 -0.1343494 -0.8617437 1.449477 -0.1057845 -0.8762897 1.454307 -0.07478988 -0.8852471 1.287794 -0.07677527 -0.5764863 1.292624 -0.109679 -0.5854434 1.300469 -0.1400033 -0.5999891 1.311026 -0.1665828 -0.6195643 1.32389 -0.1883959 -0.6434168 1.338566 -0.2046046 -0.67063 1.354491 -0.2145858 -0.7001581 1.371051 -0.217956 -0.7308663 1.387612 -0.2145858 -0.7615744 1.403536 -0.2046046 -0.7911026 1.418212 -0.1883959 -0.8183159 1.431076 -0.1665828 -0.8421686 1.441632 -0.1400033 -0.861744 1.449477 -0.109679 -0.8762899 1.454307 -0.07677527 -0.8852472 1.287793 -0.07744566 -0.5764864 1.292624 -0.110994 -0.5854437 1.300468 -0.1419124 -0.5999894 1.311025 -0.1690126 -0.6195648 1.323889 -0.1912531 -0.6434174 1.338565 -0.2077793 -0.6706306 1.354489 -0.2179561 -0.7001587 1.37105 -0.2213923 -0.7308669 1.387611 -0.2179561 -0.7615751 1.403535 -0.2077793 -0.7911032 1.418211 -0.1912531 -0.8183165 1.431075 -0.1690126 -0.842169 1.441632 -0.1419124 -0.8617444 1.449476 -0.110994 -0.8762901 1.454307 -0.07744566 -0.8852474 1.287793 -0.07677527 -0.5764866 1.292624 -0.109679 -0.5854439 1.300468 -0.1400033 -0.5999898 1.311025 -0.1665827 -0.6195652 1.323888 -0.1883959 -0.643418 1.338564 -0.2046046 -0.6706312 1.354488 -0.2145858 -0.7001594 1.371049 -0.217956 -0.7308676 1.38761 -0.2145858 -0.7615758 1.403534 -0.2046046 -0.7911038 1.41821 -0.1883959 -0.818317 1.431074 -0.1665827 -0.8421695 1.441631 -0.1400033 -0.8617448 1.449476 -0.109679 -0.8762904 1.454307 -0.07677527 -0.8852475 1.287793 -0.07478987 -0.5764867 1.292623 -0.1057845 -0.5854442 1.300467 -0.1343493 -0.5999901 1.311024 -0.1593867 -0.6195657 1.323887 -0.1799342 -0.6434184 1.338563 -0.1952025 -0.6706318 1.354487 -0.2046046 -0.70016 1.371048 -0.2077792 -0.7308682 1.387609 -0.2046046 -0.7615764 1.403533 -0.1952025 -0.7911044 1.418209 -0.1799342 -0.8183175 1.431073 -0.1593867 -0.8421699 1.44163 -0.1343493 -0.8617451 1.449475 -0.1057845 -0.8762907 1.454306 -0.07478987 -0.8852476 1.287793 -0.07156577 -0.5764868 1.292623 -0.09946023 -0.5854444 1.300467 -0.1251679 -0.5999905 1.311023 -0.1477009 -0.6195661 1.323886 -0.1661932 -0.643419 1.338562 -0.1799342 -0.6706324 1.354486 -0.1883959 -0.7001606 1.371047 -0.191253 -0.7308688 1.387607 -0.1883959 -0.761577 1.403532 -0.1799342 -0.7911049 1.418208 -0.1661932 -0.818318 1.431072 -0.1477009 -0.8421704 1.44163 -0.1251679 -0.8617454 1.449475 -0.09946023 -0.8762909 1.454306 -0.07156577 -0.8852478 1.287793 -0.06722686 -0.5764869 1.292622 -0.09094915 -0.5854446 1.300466 -0.1128117 -0.5999908 1.311022 -0.1319744 -0.6195664 1.323885 -0.1477008 -0.6434194 1.338561 -0.1593867 -0.6706328 1.354485 -0.1665827 -0.700161 1.371046 -0.1690124 -0.7308693 1.387607 -0.1665827 -0.7615774 1.403531 -0.1593867 -0.7911054 1.418208 -0.1477008 -0.8183184 1.431072 -0.1319744 -0.8421707 1.441629 -0.1128117 -0.8617457 1.449475 -0.09094915 -0.876291 1.454306 -0.06722686 -0.8852478 1.287792 -0.06193988 -0.5764869 1.292622 -0.08057836 -0.5854447 1.300466 -0.09775564 -0.599991 1.311022 -0.1128117 -0.6195668 1.323885 -0.1251679 -0.6434197 1.33856 -0.1343494 -0.6706332 1.354484 -0.1400032 -0.7001615 1.371045 -0.1419123 -0.7308697 1.387606 -0.1400032 -0.7615778 1.40353 -0.1343494 -0.7911058 1.418207 -0.1251679 -0.8183188 1.431071 -0.1128117 -0.842171 1.441629 -0.09775564 -0.861746 1.449474 -0.08057836 -0.8762912 1.454306 -0.06193988 -0.8852479 1.287792 -0.05590801 -0.5764871 1.292622 -0.06874642 -0.5854449 1.300465 -0.08057833 -0.5999912 1.311021 -0.09094915 -0.619567 1.323884 -0.09946019 -0.64342 1.33856 -0.1057845 -0.6706335 1.354484 -0.109679 -0.7001618 1.371044 -0.1109939 -0.73087 1.387605 -0.109679 -0.7615781 1.40353 -0.1057845 -0.7911061 1.418206 -0.09946019 -0.818319 1.431071 -0.09094915 -0.8421713 1.441629 -0.08057833 -0.8617461 1.449474 -0.06874642 -0.8762913 1.454306 -0.05590801 -0.885248 1.287792 -0.04936305 -0.5764871 1.292622 -0.05590801 -0.5854449 1.300465 -0.06193986 -0.5999913 1.311021 -0.06722687 -0.6195672 1.323884 -0.07156575 -0.6434202 1.338559 -0.07478988 -0.6706337 1.354483 -0.07677523 -0.700162 1.371044 -0.07744557 -0.7308702 1.387605 -0.07677523 -0.7615784 1.40353 -0.07478988 -0.7911063 1.418206 -0.07156575 -0.8183192 1.431071 -0.06722687 -0.8421714 1.441628 -0.06193986 -0.8617462 1.449474 -0.05590801 -0.8762914 1.454306 -0.04936305 -0.8852481 1.287792 -0.04255652 -0.5764871 1.292622 -0.04255651 -0.5854449 1.300465 -0.0425565 -0.5999913 1.311021 -0.04255652 -0.6195672 1.323884 -0.04255649 -0.6434202 1.338559 -0.04255652 -0.6706337 1.354483 -0.04255648 -0.7001621 1.371044 -0.04255645 -0.7308703 1.387605 -0.04255648 -0.7615784 1.40353 -0.04255652 -0.7911063 1.418206 -0.04255649 -0.8183193 1.43107 -0.04255652 -0.8421714 1.441628 -0.0425565 -0.8617463 1.449474 -0.04255651 -0.8762915 1.454306 -0.04255652 -0.8852481 1.287792 -0.03574999 -0.5764871 1.292622 -0.02920502 -0.5854449 1.300465 -0.02317314 -0.5999913 1.311021 -0.01788617 -0.6195672 1.323884 -0.01354724 -0.6434202 1.338559 -0.01032316 -0.6706337 1.354483 -0.008337729 -0.700162 1.371044 -0.007667329 -0.7308702 1.387605 -0.008337729 -0.7615784 1.40353 -0.01032316 -0.7911063 1.418206 -0.01354724 -0.8183192 1.431071 -0.01788617 -0.8421714 1.441628 -0.02317314 -0.8617462 1.449474 -0.02920502 -0.8762914 1.454306 -0.03574999 -0.8852481 1.287792 -0.02920503 -0.5764871 1.292622 -0.01636662 -0.5854449 1.300465 -0.004534677 -0.5999912 1.311021 0.005836107 -0.619567 1.323884 0.0143472 -0.64342 1.33856 0.02067148 -0.6706335 1.354484 0.02456601 -0.7001618 1.371044 0.02588101 -0.73087 1.387605 0.02456601 -0.7615781 1.40353 0.02067148 -0.7911061 1.418206 0.0143472 -0.818319 1.431071 0.005836107 -0.8421713 1.441629 -0.004534677 -0.8617461 1.449474 -0.01636662 -0.8762913 1.454306 -0.02920503 -0.885248 1.287792 -0.02317317 -0.5764869 1.292622 -0.00453468 -0.5854447 1.300466 0.01264263 -0.599991 1.311022 0.02769869 -0.6195668 1.323885 0.04005486 -0.6434197 1.33856 0.04923631 -0.6706332 1.354484 0.05489027 -0.7001615 1.371045 0.05679934 -0.7308697 1.387606 0.05489027 -0.7615778 1.40353 0.04923631 -0.7911058 1.418207 0.04005486 -0.8183188 1.431071 0.02769869 -0.842171 1.441629 0.01264263 -0.861746 1.449474 -0.00453468 -0.8762912 1.454306 -0.02317317 -0.8852479 1.287793 -0.01788619 -0.5764869 1.292622 0.005836096 -0.5854446 1.300466 0.02769866 -0.5999908 1.311022 0.0468614 -0.6195664 1.323885 0.06258781 -0.6434194 1.338561 0.07427359 -0.6706328 1.354485 0.08146968 -0.700161 1.371046 0.08389947 -0.7308693 1.387607 0.08146968 -0.7615774 1.403531 0.07427359 -0.7911054 1.418208 0.06258781 -0.8183184 1.431072 0.0468614 -0.8421707 1.441629 0.02769866 -0.8617457 1.449475 0.005836096 -0.876291 1.454306 -0.01788619 -0.8852478 1.287793 -0.01354728 -0.5764868 1.292623 0.01434718 -0.5854444 1.300467 0.04005482 -0.5999905 1.311023 0.06258783 -0.6195661 1.323886 0.08108012 -0.643419 1.338562 0.09482116 -0.6706324 1.354486 0.1032829 -0.7001606 1.371047 0.10614 -0.7308688 1.387607 0.1032829 -0.761577 1.403532 0.09482116 -0.7911049 1.418208 0.08108012 -0.818318 1.431072 0.06258783 -0.8421704 1.44163 0.04005482 -0.8617454 1.449475 0.01434718 -0.8762909 1.454306 -0.01354728 -0.8852478 1.287793 -0.01032319 -0.5764867 1.292623 0.02067148 -0.5854442 1.300467 0.04923627 -0.5999901 1.311024 0.07427362 -0.6195657 1.323887 0.09482114 -0.6434184 1.338563 0.1100894 -0.6706318 1.354487 0.1194915 -0.70016 1.371048 0.1226661 -0.7308682 1.387609 0.1194915 -0.7615764 1.403533 0.1100894 -0.7911044 1.418209 0.09482114 -0.8183175 1.431073 0.07427362 -0.8421699 1.44163 0.04923627 -0.8617451 1.449475 0.02067148 -0.8762907 1.454306 -0.01032319 -0.8852476 1.287793 -0.008337796 -0.5764866 1.292624 0.02456596 -0.5854439 1.300468 0.05489017 -0.5999898 1.311025 0.0814697 -0.6195652 1.323888 0.1032828 -0.643418 1.338564 0.1194915 -0.6706312 1.354488 0.1294727 -0.7001594 1.371049 0.1328429 -0.7308676 1.38761 0.1294727 -0.7615758 1.403534 0.1194915 -0.7911038 1.41821 0.1032828 -0.818317 1.431074 0.0814697 -0.8421695 1.441631 0.05489017 -0.8617448 1.449476 0.02456596 -0.8762904 1.454307 -0.008337796 -0.8852475 1.287793 -0.007667415 -0.5764864 1.292624 0.02588097 -0.5854437 1.311025 0.08389951 -0.6195648 1.338565 0.1226662 -0.6706306 1.403535 0.1226662 -0.7911032 1.431075 0.08389951 -0.842169 1.441632 0.05679924 -0.8617444 1.449476 0.02588097 -0.8762901 1.454307 -0.007667415 -0.8852474</float_array>
          <technique_common>
            <accessor count="1551" source="#IID-_0001-array" stride="3">
              <param type="float" name="X" />
              <param type="float" name="Y" />
              <param type="float" name="Z" />
            </accessor>
          </technique_common>
        </source>
        <source id="IID-_0002">
          <float_array count="4653" id="IID-_0002-array">3.077184e-06 0.776385 -0.6302589 -3.077194e-06 0.7763875 0.6302558 0.548991 0.5489867 -0.6302559 0.5489851 0.5489892 0.6302589 0.776385 -3.06124e-06 -0.6302589 0.7763759 3.061204e-06 0.6302701 0.5489784 -0.5489829 -0.6302702 0.5489894 -0.5489849 0.6302589 -3.077184e-06 -0.776385 -0.6302589 3.077194e-06 -0.7763876 0.6302558 -0.548991 -0.5489867 -0.6302559 -0.5489851 -0.5489892 0.6302589 -0.776385 3.06124e-06 -0.6302589 -0.7763759 -3.061204e-06 0.6302701 -0.5489784 0.5489829 -0.6302702 -0.5489894 0.5489849 0.6302589 -0.5773584 -0.5773489 -0.5773436 -0.5773715 -0.5773396 0.5773396 -0.5773717 0.5773396 -0.5773396 -0.5773702 0.5773399 0.5773407 0.5773717 -0.5773396 -0.5773396 0.5773702 -0.5773399 0.5773407 0.5773584 0.5773489 -0.5773435 0.5773715 0.5773396 0.5773396 -0.6577505 -0.7454532 -0.1079997 -0.7304383 -0.6723645 -0.1199415 -0.7304232 0.6723826 -0.1199322 -0.6577499 0.7454527 -0.1080057 0.7304383 0.6723645 -0.1199415 0.6577505 0.7454532 -0.1079997 0.7304232 -0.6723826 -0.1199322 0.6577499 -0.7454527 -0.1080058 6.742149e-05 0 -1 0.7490027 -0.5162194 -0.4153461 -0.293019 -0.8560564 -0.425802 -0.9124933 0 -0.4090916 -0.293019 0.8560563 -0.4258021 0.7490028 0.5162194 -0.4153461 0.2930189 -0.8560563 0.4258021 -0.7490029 -0.5162194 0.415346 -0.7490029 0.5162194 0.415346 0.2930189 0.8560563 0.4258021 0.9124935 0 0.4090913 -6.752892e-05 0 1 -0.1769635 -0.5192727 -0.836086 0.4603663 -0.3187828 -0.828517 0.2797552 -0.8170046 -0.5042226 0.8734422 1.050477e-08 -0.4869278 0.4603662 0.3187827 -0.828517 -0.5667934 5.351716e-09 -0.8238599 -0.7162548 -0.4934953 -0.4933979 -0.1769635 0.5192727 -0.836086 -0.7162547 0.4934953 -0.4933979 0.2797552 0.8170046 -0.5042226 0.9555444 -0.2948471 0.0003950079 0.9555444 0.294847 0.0003950053 1.594026e-08 -1 -2.656709e-09 0.6072698 -0.7944954 -0.0006965901 -0.9555444 -0.2948471 -0.0003950131 -0.6072698 -0.7944955 0.0006965637 -0.6072698 0.7944955 0.0006965374 -0.9555444 0.2948471 -0.0003950053 0.6072698 0.7944954 -0.0006965558 4.317152e-09 1 -3.719393e-08 0.7162548 -0.4934953 0.493398 -0.2797551 -0.8170046 0.5042228 -0.8734423 0 0.4869278 -0.2797551 0.8170046 0.5042226 0.7162548 0.4934953 0.4933979 0.1769636 -0.5192727 0.836086 0.5667934 5.351716e-09 0.8238599 -0.4603664 -0.3187827 0.828517 -0.4603663 0.3187827 0.828517 0.1769636 0.5192727 0.836086 -0.2090046 0.8075463 -0.5515307 0.3125675 0.7411821 0.5940965 0.2742675 0.5536849 -0.7862636 0.7958433 0.4873331 0.3593604 0.4441105 -0.005076067 -0.8959576 0.9656936 -0.0714336 0.249666 0.2010502 -0.5414332 -0.8163509 0.7226151 -0.6077902 0.3292697 -0.312561 -0.7411935 -0.5940857 0.2090101 -0.8075357 0.5515441 -0.7958443 -0.4873342 -0.3593568 -0.2742765 -0.5536889 0.7862576 -0.9656931 0.07143255 -0.2496686 -0.444134 0.005079119 0.895946 -0.7226178 0.6077914 -0.3292614 -0.2010497 0.5414363 0.816349 0.1548276 0.7973286 -0.5833486 -0.4054939 0.7345739 0.5440367 0.6752536 0.6584225 -0.332434 0.1149219 0.59567 0.7949656 0.9642397 0.15221 -0.216965 0.4039263 0.08946077 0.9104067 0.852502 -0.4247961 -0.3046121 0.2921625 -0.4875378 0.8227685 0.4054943 -0.7345813 -0.5440263 -0.1548365 -0.7973216 0.5833557 -0.1149218 -0.5956749 -0.7949619 -0.6752566 -0.6584265 0.33242 -0.4039196 -0.08946414 -0.9104093 -0.9642468 -0.1522069 0.2169359 -0.2921827 0.4875414 -0.8227592 -0.8524993 0.4247978 0.3046172 -2.004423e-06 0.7872299 -0.6166596 1.951841e-06 0.7872299 0.6166596 0.5902493 0.5030498 -0.6313055 0.5902501 0.5030475 0.6313065 0.7660434 5.453507e-07 -0.6427888 0.7660435 -5.434372e-07 0.6427888 0.5902529 -0.5030499 -0.6313021 0.5902521 -0.5030521 0.631301 1.948686e-06 -0.7872299 -0.6166596 -2.00232e-06 -0.7872299 0.6166596 -0.5902494 -0.5030498 -0.6313055 -0.5902502 -0.5030475 0.6313065 -0.7660434 -5.530047e-07 -0.6427889 -0.7660434 5.510911e-07 0.6427888 -0.5902529 0.5030499 -0.631302 -0.5902522 0.5030521 0.631301 -2.156201e-06 -0.7870851 -0.6168445 2.185623e-06 -0.7870851 0.6168444 0.5897377 -0.5036895 -0.6312736 0.5897388 -0.5036871 0.6312743 0.7661758 -5.972944e-07 -0.642631 0.7661758 6.126096e-07 0.642631 0.5897361 0.5036848 -0.6312787 0.589735 0.5036872 0.631278 2.189826e-06 0.7870851 -0.6168444 -2.151998e-06 0.7870851 0.6168444 -0.5897376 0.5036896 -0.6312736 -0.5897388 0.503687 0.6312745 -0.7661759 8.375523e-07 -0.6426309 -0.7661758 -8.576535e-07 0.642631 -0.5897361 -0.5036848 -0.6312789 -0.589735 -0.5036873 0.631278 -0.5773445 -0.5773683 -0.5773379 -0.5773343 -0.5773582 0.5773582 -0.5773343 0.5773582 -0.5773582 -0.5773445 0.5773683 0.5773379 0.5773343 -0.5773582 -0.5773582 0.5773445 -0.5773683 0.5773379 0.5773445 0.5773683 -0.5773379 0.5773343 0.5773582 0.5773582 -0.5773463 -0.57737 -0.5773343 -0.5773326 -0.5773591 0.5773591 -0.5773326 0.5773591 -0.5773591 -0.5773463 0.57737 0.5773343 0.5773326 -0.5773591 -0.5773591 0.5773463 -0.57737 0.5773343 0.5773463 0.57737 -0.5773343 0.5773326 0.5773591 0.5773591 -0.1687749 0.8044462 -0.5695449 -0.05023346 0.8044506 -0.5918918 0.07220969 0.7875736 -0.6119752 0.200223 0.7502214 -0.6301417 0.3335567 0.6862 -0.6464282 0.4677939 0.5872202 -0.6605614 0.5916754 0.4457094 -0.6717614 0.6863598 0.2609887 -0.678819 0.7312673 0.04614374 -0.6805284 0.7160111 -0.1727933 -0.6763657 0.6473852 -0.3685893 -0.6671089 0.5439359 -0.5255213 -0.6541873 0.4243954 -0.6416901 -0.6388446 0.3010235 -0.7230759 -0.6217283 0.1792835 -0.7773012 -0.6030425 0.06025809 -0.8104827 -0.5826551 -0.0572031 -0.8263668 -0.5602194 -0.1752172 -0.8263204 -0.535251 -0.2961004 -0.8092898 -0.5073209 -0.4215329 -0.7716864 -0.4762459 -0.5513396 -0.7073276 -0.4423937 -0.6814275 -0.6079448 -0.4075041 -0.801145 -0.4660285 -0.3754785 -0.8926318 -0.281005 -0.3524836 -0.93637 -0.06603219 -0.3447477 -0.922304 0.1527815 -0.3549833 -0.8568593 0.3482684 -0.3801332 -0.7575639 0.5047997 -0.4138529 -0.6421899 0.6205619 -0.4499944 -0.5223275 0.7016094 -0.4846835 -0.4031679 0.7555844 -0.5162828 -0.2857115 0.7886124 -0.5444809 0.1960957 0.01901963 0.9804003 -0.002156068 -1.207878e-08 -0.9999977 -0.6761905 -0.6564177 -0.334488 0.2220178 -0.9319901 -0.2865353 0.928299 0 -0.3718346 0.2220178 0.9319901 -0.2865353 -0.6761905 0.6564177 -0.334488 -0.2220178 -0.9319901 0.2865354 0.6761906 -0.6564176 0.3344881 0.6761904 0.6564177 0.334488 -0.2220178 0.9319901 0.2865354 -0.9282991 8.793498e-08 0.3718345 0.002155567 0 0.9999977 0.1730078 -0.6782253 -0.7141981 -0.4750699 -0.4328173 -0.7661448 -0.2173535 -0.909279 -0.354921 -0.8914066 5.551365e-09 -0.4532044 -0.4750699 0.4328173 -0.7661448 0.6031017 1.190036e-08 -0.7976643 0.6555062 -0.6335467 -0.4110112 0.1730078 0.6782252 -0.7141981 0.6555063 0.6335467 -0.4110112 -0.2173535 0.909279 -0.354921 -0.9205248 -0.3906767 -0.002405269 -0.9205248 0.3906766 -0.002405182 1.488171e-08 -1 -4.216485e-08 -0.4739293 -0.8805598 0.002350738 0.9205248 -0.3906766 0.002405242 0.4739293 -0.8805597 -0.002350796 0.4739293 0.8805598 -0.002350852 0.9205248 0.3906767 0.002405212 -0.4739293 0.8805598 0.002350839 -8.060928e-09 1 0 -0.6555062 -0.6335467 0.4110114 0.2173534 -0.909279 0.3549212 0.8914066 4.441092e-08 0.4532044 0.2173535 0.909279 0.354921 -0.6555062 0.6335467 0.4110114 -0.1730078 -0.6782253 0.7141979 -0.6031015 2.082563e-08 0.7976645 0.4750697 -0.4328174 0.7661449 0.4750698 0.4328173 0.7661449 -0.1730078 0.6782253 0.7141979 0.2735928 0.8010547 -0.5324081 0.3508381 0.7856912 -0.5095114 0.4308315 0.76279 -0.4822196 0.5181833 0.7281184 -0.4486978 0.6175742 0.6730871 -0.4068856 0.7317634 0.5815881 -0.3553555 0.8536682 0.4274069 -0.2976136 0.9500483 0.1863396 -0.2503712 0.9624688 -0.1206092 -0.2431196 0.865767 -0.4086752 -0.2888462 0.7073414 -0.605736 -0.3643514 0.5486128 -0.7116169 -0.4388909 0.4145086 -0.7607098 -0.499503 0.3045426 -0.7803488 -0.5461771 0.211617 -0.7850168 -0.5822086 0.1289078 -0.7812698 -0.6107376 0.05085245 -0.7716448 -0.6340176 -0.02732072 -0.756365 -0.6535791 -0.110211 -0.733726 -0.6704473 -0.2027729 -0.6995286 -0.685232 -0.3101889 -0.6452238 -0.6981899 -0.4357754 -0.5547574 -0.7087623 -0.5719758 -0.4018772 -0.7150793 -0.6820421 -0.1620477 -0.7131333 -0.700411 0.144368 -0.6989867 -0.5977678 0.4329619 -0.6746982 -0.425665 0.6312681 -0.648313 -0.252625 0.7384485 -0.6251996 -0.1071342 0.788573 -0.605537 0.01087715 0.8089411 -0.5877891 0.1089954 0.81408 -0.5704329 0.1946027 0.8105951 -0.5523273 -0.267902 -0.02428904 0.96314 0.4501385 0.7723199 -0.4482157 0.5385613 0.7596675 -0.3644956 0.6256737 0.7288944 -0.2779305 0.7118732 0.676657 -0.1880741 0.795983 0.5976689 -0.09593134 0.8741719 0.4855856 -0.005472036 0.9389103 0.3358977 0.07496765 0.9795654 0.150978 0.1328804 0.986242 -0.05542577 0.1557389 0.9556441 -0.2601658 0.1380512 0.8937329 -0.4405203 0.08475421 0.8119498 -0.583672 0.008024149 0.7211663 -0.6881595 -0.07972306 0.6283295 -0.7591502 -0.1699794 0.5365203 -0.8032797 -0.2586267 0.446292 -0.8259189 -0.3445016 0.3568845 -0.830329 -0.4280038 0.2670242 -0.8175748 -0.5101662 0.175638 -0.7864926 -0.5920985 0.08247404 -0.7337552 -0.6743897 -0.01102643 -0.6540939 -0.7563329 -0.1001738 -0.5412228 -0.834891 -0.1757566 -0.390755 -0.9035597 -0.2245944 -0.2052453 -0.9525921 -0.2343235 0.001377557 -0.9721577 -0.200658 0.2058988 -0.9577798 -0.1305779 0.3856663 -0.9133515 -0.03797938 0.5280334 -0.8483739 0.0637892 0.6317327 -0.7725573 0.1660336 0.7020528 -0.6924989 0.2648143 0.7456789 -0.6114216 0.3592869 0.7680132 -0.5301591 -0.6766613 0.04865003 0.7346855 -0.978254 -0.06383336 0.1973434 -0.9701397 0.1547416 0.1867724 -0.9280086 0.3479667 0.1331139 -0.8645942 0.4996098 0.0535433 -0.7919374 0.609554 -0.03576476 -0.7171424 0.6855679 -0.1253131 -0.6429243 0.7361414 -0.211528 -0.5694042 0.7676221 -0.2941687 -0.495424 0.7837703 -0.3745119 -0.4192485 0.7859722 -0.454399 -0.3390109 0.7732911 -0.5358101 -0.2531257 0.7422829 -0.6204382 -0.1610931 0.686653 -0.7089123 -0.06531724 0.5972903 -0.799361 0.02623142 0.4645931 -0.8851357 0.09834307 0.2853335 -0.9533695 0.1330668 0.0719836 -0.9884896 0.1207594 -0.1465593 -0.9818032 0.06803315 -0.33968 -0.9380773 -0.008726968 -0.4911895 -0.8710091 -0.09417369 -0.6010101 -0.7936739 -0.1793767 -0.676924 -0.7138613 -0.2610208 -0.7274269 -0.6346008 -0.3389522 -0.7588649 -0.5560895 -0.4144047 -0.7749975 -0.4771243 -0.4891111 -0.7772141 -0.3958642 -0.56492 -0.7645766 -0.3103032 -0.6433766 -0.7336392 -0.2187236 -0.7250096 -0.6781117 -0.120522 -0.8080243 -0.5888705 -0.01811975 -0.8862076 -0.4562994 0.08016836 -0.9476911 -0.2771453 0.1583419 0.7300769 -0.007028459 0.6833289 -0.8379671 -0.1980205 0.5085263 -0.8598294 -0.02441383 0.5099973 -0.8659413 0.1457212 0.4784465 -0.8565935 0.303803 0.4170748 -0.8330923 0.4432882 0.3308367 -0.7972487 0.5600071 0.2253587 -0.7510444 0.6517059 0.1058858 -0.6963289 0.7173513 -0.02308961 -0.6347634 0.7564103 -0.1578572 -0.5677792 0.7684536 -0.2951369 -0.4969601 0.7527192 -0.4317921 -0.4241322 0.7083342 -0.5642468 -0.3515836 0.6347069 -0.6881396 -0.2823386 0.5320857 -0.7982292 -0.2199676 0.4025157 -0.8885918 -0.1683275 0.2504807 -0.9533757 -0.130842 0.0830904 -0.9879151 -0.1098558 -0.09061178 -0.9898087 -0.1061915 -0.2610372 -0.9594702 -0.1191403 -0.4195459 -0.8998815 -0.1468089 -0.5595251 -0.8157075 -0.1866336 -0.6767174 -0.7121948 -0.2360707 -0.7687997 -0.5943211 -0.2928758 -0.8346925 -0.466382 -0.3552131 -0.8738432 -0.3319966 -0.4214272 -0.8857952 -0.1943353 -0.4901254 -0.8698102 -0.0566327 -0.5597419 -0.8250432 0.07741262 -0.6283021 -0.7509419 0.2032795 -0.6934188 -0.6478319 0.3154113 -0.7521531 -0.5178315 0.4075736 -0.8013322 -0.365505 0.4735745 0.891256 0.1057224 0.4410052 -0.2927496 -0.1069503 0.9501891 -0.3070838 -0.008225581 0.9516469 -0.3226466 0.09532656 0.941707 -0.3410883 0.2078073 0.9167742 -0.3651645 0.3324776 0.8695478 -0.3991998 0.4690422 0.7878065 -0.4488927 0.6072876 0.6555129 -0.5180438 0.7195939 0.4624016 -0.6018663 0.7668324 0.2229909 -0.684971 0.7283421 -0.01823467 -0.751599 0.6231853 -0.2161918 -0.7961263 0.4898911 -0.3552318 -0.8216103 0.3564453 -0.4448631 -0.8333976 0.2336464 -0.5008571 -0.8356355 0.1222575 -0.5355058 -0.8307417 0.01927089 -0.5563245 -0.819709 -0.07928485 -0.5672663 -0.8024234 -0.1775164 -0.5697409 -0.7778003 -0.2795503 -0.5629195 -0.7437093 -0.3894118 -0.5433736 -0.6968664 -0.5102729 -0.5039828 -0.6332395 -0.6418838 -0.4324269 -0.5504252 -0.7745831 -0.3115337 -0.4531522 -0.8821806 -0.1281029 -0.3580003 -0.9275222 0.1074164 -0.2862588 -0.8909365 0.352545 -0.2477051 -0.7904795 0.5601647 -0.2362938 -0.662729 0.7106022 -0.2404151 -0.534239 0.8104253 -0.2514293 -0.4152565 0.8742685 -0.2648199 -0.3064853 0.914296 -0.2787517 -0.2050103 0.9382261 0.9339244 0.1563478 -0.3214664 0.9467426 -0.02832837 -0.3207428 0.9479429 0.08000941 -0.3082249 0.9391668 0.1913307 -0.2852339 0.9183228 0.3081821 -0.248409 0.8815103 0.4313993 -0.1919227 0.8231905 0.557529 -0.1073258 0.7378846 0.6747731 0.01441044 0.6249531 0.7605069 0.1762469 0.4945579 0.788479 0.3656683 0.366751 0.7470878 0.5543947 0.2601271 0.6499605 0.7140625 0.1817925 0.5242218 0.8319513 0.1285043 0.3922903 0.910821 0.09343588 0.2653379 0.9596174 0.07062031 0.1462192 0.9867283 0.05607926 0.03369396 0.9978576 0.04757417 -0.07502599 0.9960461 0.04425487 -0.1831441 0.9820895 0.0466041 -0.2937929 0.9547324 0.05660292 -0.409518 0.9105444 0.07812191 -0.5311421 0.8436736 0.1174543 -0.6552976 0.7461833 0.1826378 -0.7704518 0.6107759 0.2793618 -0.8545055 0.4379241 0.4034419 -0.881813 0.2442137 0.5375817 -0.8410882 0.05980378 0.6603899 -0.7456444 -0.08887982 0.7588355 -0.6219941 -0.1931111 0.8311329 -0.4920369 -0.2590709 0.8815092 -0.3666773 -0.2974715 0.9151663 -0.2486843 -0.3172171 0.9361113 -0.1368239 -0.3239982 -0.8242135 0.08567282 -0.5597609 0.2144219 0.1456824 -0.9658157 0.1913674 0.3047138 -0.9330209 0.1811594 0.4560105 -0.8713413 0.1841025 0.5934706 -0.783517 0.1999241 0.7117774 -0.6733523 0.2277156 0.8066236 -0.5454392 0.2662206 0.8747836 -0.4048212 0.3138737 0.9140813 -0.2567853 0.3689218 0.9233136 -0.1067182 0.4292931 0.9022756 0.04007641 0.4929211 0.8516043 0.1783226 0.5575464 0.7728966 0.3029404 0.6207801 0.6687382 0.4091714 0.6802667 0.5427318 0.4926249 0.7336349 0.3995073 0.5497032 0.7787105 0.2446489 0.577717 0.813585 0.08441248 0.575286 0.8367755 -0.07459003 0.5424417 0.847357 -0.2258008 0.4806246 0.8449941 -0.3631349 0.3925787 0.8299285 -0.4812717 0.282128 0.8028535 -0.5759585 0.1539416 0.7649212 -0.6439904 0.01310738 0.7176254 -0.6832068 -0.1350637 0.6627545 -0.6923994 -0.2852008 0.6022112 -0.671401 -0.4319286 0.5381958 -0.6208172 -0.5700275 0.4730151 -0.5422317 -0.6944361 0.4090549 -0.4382376 -0.8003886 0.3488613 -0.3123891 -0.8835773 0.2948736 -0.1693041 -0.9404178 0.2494215 -0.01452957 -0.968286 -0.9150043 -0.2047947 0.3476006 0.7089572 0.08540274 -0.7000615 0.700253 0.1933557 -0.6872113 0.6867695 0.3033767 -0.6605378 0.6677296 0.4178526 -0.6160651 0.6420648 0.5373361 -0.5468298 0.6089712 0.6580305 -0.4428881 0.5691206 0.7679128 -0.2939584 0.5263869 0.8446325 -0.09753318 0.4881038 0.8630189 0.1302043 0.4615428 0.8130564 0.3548484 0.4491114 0.7095099 0.5430419 0.4478532 0.5796213 0.6807839 0.4529241 0.4452755 0.772392 0.4605413 0.3170072 0.8291008 0.46861 0.1971942 0.861115 0.4762278 0.08432583 0.8752692 0.4830987 -0.02452107 0.8752225 0.4892612 -0.132604 0.8619974 0.4950393 -0.2430184 0.8341931 0.501078 -0.3581602 0.7878085 0.5084086 -0.4785737 0.7158826 0.5187389 -0.6004326 0.6085972 0.5344625 -0.7115533 0.4561158 0.5577594 -0.7892657 0.2568349 0.5884751 -0.8080307 0.02799062 0.622636 -0.7576866 -0.1955386 0.6544679 -0.6531468 -0.3808819 0.6798372 -0.5220295 -0.5150793 0.6975545 -0.3865213 -0.6033399 0.7082901 -0.2573134 -0.6573545 0.7132184 -0.136837 -0.6874556 0.713278 -0.02357546 -0.7004846 -0.9881166 -0.05044077 -0.1451938 -0.01498411 0.7332435 0.679801 -0.01498416 0.7332433 0.6798012 -0.01498466 0.7332435 0.6798009 -0.01498401 0.7332436 0.679801 -0.01498469 0.7332436 0.6798009 -0.01498465 0.7332436 0.6798009 -0.01498431 0.7332437 0.6798007 -0.0149847 0.7332436 0.6798009 -0.3501477 -0.57706 0.7378336 -0.7287403 -0.586786 -0.3530153 -0.3620722 0.5775512 0.7316682 -0.7406414 0.5678326 -0.3591886 0.7406449 -0.5678432 0.3591644 0.362055 -0.5775404 -0.7316852 0.7287375 0.5867753 0.3530389 0.3501648 0.577071 -0.7378169 0.03545666 0.6776462 0.7345329 0.03545707 0.6776458 0.7345332 0.03545684 0.677646 0.734533 0.03545726 0.6776456 0.7345333 -0.5773703 -0.5773403 -0.5773402 -0.5773699 -0.5773405 0.5773405 -0.5773699 0.5773405 -0.5773405 -0.5773703 0.5773403 0.5773402 0.5773699 -0.5773405 -0.5773405 0.5773703 -0.5773403 0.5773402 0.5773703 0.5773403 -0.5773402 0.5773699 0.5773405 0.5773405 6.545529e-07 -1.457092e-05 1 1.02648e-08 0.9993091 0.03716548 -8.522803e-10 0.999867 0.01631308 -7.411093e-10 0.9999883 0.004837691 -3.409004e-09 1 0 -1.889829e-09 0.9999883 -0.004837691 -3.816734e-09 0.999867 -0.01631307 -1.367326e-06 -1.569846e-05 -1 0.005157731 0.9865911 0.1631303 0.004999314 0.99797 0.06348942 0.004925136 0.999267 0.03796242 0.004894602 0.999674 0.02505517 0.004880103 0.9998495 0.01664993 0.004872631 0.9999351 0.01029397 0.004868972 0.999976 0.004936648 0.004867982 0.9999881 0 0.004868967 0.9999759 -0.004936647 0.004872645 0.9999351 -0.01029397 0.004880085 0.9998495 -0.01664992 0.004894564 0.999674 -0.02505518 0.004925093 0.999267 -0.03796248 0.004999263 0.99797 -0.06348958 0.00515658 0.9865917 -0.1631266 0.01025769 0.9845611 0.1747408 0.01030657 0.9976409 0.06787016 0.01024104 0.9991271 0.04049891 0.01019953 0.9995915 0.02670039 0.01017569 0.999791 0.0177328 0.01016211 0.9998883 0.01095965 0.01015516 0.9999347 0.005254831 0.01015303 0.9999484 0 0.01015515 0.9999347 -0.005254831 0.01016213 0.9998883 -0.01095965 0.01017569 0.9997909 -0.01773279 0.01019952 0.9995915 -0.02670041 0.01024096 0.9991271 -0.04049893 0.01030664 0.9976409 -0.06787027 0.01025766 0.98456 -0.1747465 0.01628265 0.9805188 0.1957491 0.01655089 0.9969629 0.07609989 0.01652407 0.9988348 0.04534147 0.01648837 0.999418 0.02986246 0.01646194 0.9996681 0.01981995 0.01644486 0.9997898 0.01224477 0.01643562 0.9998477 0.00587007 0.01643277 0.999865 3.70557e-11 0.01643561 0.9998477 -0.005870071 0.01644488 0.9997898 -0.01224477 0.01646191 0.9996681 -0.01981993 0.01648841 0.999418 -0.02986247 0.01652404 0.9988349 -0.04534149 0.01655103 0.9969628 -0.0761 0.01628343 0.9805189 -0.1957486 0.02413726 0.9724892 0.2316942 0.02479575 0.9955773 0.09061387 0.02482563 0.9982361 0.05393021 0.02480697 0.9990622 0.03548972 0.02478465 0.9994156 0.02354024 0.02476748 0.9995875 0.01453717 0.0247571 0.9996692 0.006967794 0.02475356 0.9996936 -7.411346e-11 0.02475709 0.9996692 -0.006967794 0.0247675 0.9995875 -0.01453717 0.02478464 0.9994156 -0.02354022 0.02480705 0.9990622 -0.03548972 0.02482557 0.9982361 -0.05393024 0.02479606 0.9955773 -0.09061401 0.02413626 0.9724861 -0.2317071 0.03568209 0.954706 0.2954038 0.03741685 0.9923396 0.117738 0.03757869 0.9968359 0.07004207 0.03760187 0.9982308 0.04605807 0.0375957 0.9988264 0.03053365 0.0375844 0.9991157 0.01884884 0.0375758 0.999253 0.009032415 0.03757241 0.9992939 0 0.03757577 0.999253 -0.009032414 0.03758445 0.9991157 -0.01884884 0.03759572 0.9988264 -0.03053364 0.03760192 0.9982308 -0.04605805 0.03757851 0.9968359 -0.07004212 0.03741715 0.9923395 -0.1177381 0.03568127 0.9547087 -0.2953948 0.05565436 0.9068913 0.4176731 0.06194562 0.9819801 0.1785433 0.06273419 0.9923207 0.1066025 0.0629497 0.9955516 0.07010081 0.06302205 0.9969302 0.04645822 0.06304699 0.9975986 0.02867061 0.06305498 0.9979156 0.01373637 0.0630556 0.99801 -1.482599e-10 0.06305492 0.9979156 -0.01373637 0.06304701 0.9975986 -0.02867061 0.06302211 0.9969302 -0.04645821 0.06294974 0.9955516 -0.07010081 0.06273396 0.9923207 -0.1066025 0.06194588 0.9819801 -0.1785435 0.05565296 0.9068906 -0.4176745 0.09909108 0.7439642 0.6608315 0.1427391 0.9066524 0.3969974 0.1553916 0.9544215 0.2548198 0.1599846 0.9721386 0.1713227 0.1620116 0.9801195 0.1145334 0.1629964 0.9840711 0.07096566 0.1634583 0.9859622 0.03405967 0.1635931 0.9865279 0 0.1634581 0.9859621 -0.03405967 0.1629966 0.9840712 -0.07096566 0.1620127 0.9801193 -0.1145339 0.1599844 0.9721386 -0.1713225 0.1553911 0.9544215 -0.2548201 0.14274 0.906652 -0.396998 0.09909266 0.7439743 -0.6608199 0.268028 2.607308e-05 0.9634112 0.4420266 -5.976844e-06 0.897002 0.6000859 -3.418142e-06 0.7999355 0.7373306 -1.538744e-06 0.675532 0.8492449 1.459804e-07 0.527999 0.9320239 -1.114619e-06 0.3623968 0.9828593 -2.511033e-07 0.1843572 1 1.701531e-07 2.658642e-09 0.9828593 -4.185059e-07 -0.1843573 0.9320242 -1.1594e-06 -0.3623961 0.8492448 -1.824749e-07 -0.5279992 0.7373296 -8.334929e-07 -0.6755332 0.6000847 -2.750523e-06 -0.7999365 0.4420274 -5.831567e-06 -0.8970015 0.2680265 2.747905e-05 -0.9634116 0.0990902 -0.7439625 0.6608336 0.1427403 -0.9066584 0.3969834 0.15539 -0.9544191 0.2548295 0.1599848 -0.9721391 0.1713202 0.1620105 -0.9801195 0.1145359 0.1629963 -0.9840713 0.070964 0.1634576 -0.9859623 0.0340592 0.1635929 -0.986528 0 0.1634574 -0.9859623 -0.0340592 0.1629966 -0.9840713 -0.070964 0.1620115 -0.9801192 -0.1145364 0.1599846 -0.9721391 -0.1713201 0.1553895 -0.9544191 -0.2548298 0.1427413 -0.9066576 -0.3969846 0.09908935 -0.7439651 -0.6608306 0.05565672 -0.9069165 0.4176179 0.06194557 -0.98198 0.1785441 0.06273401 -0.9923204 0.106606 0.06294978 -0.9955516 0.07010187 0.06302194 -0.9969302 0.04645779 0.06304703 -0.9975986 0.02867072 0.06305487 -0.9979155 0.0137364 0.06305546 -0.99801 0 0.06305482 -0.9979155 -0.0137364 0.06304706 -0.9975986 -0.02867072 0.06302202 -0.9969302 -0.0464578 0.06294992 -0.9955516 -0.07010194 0.06273365 -0.9923204 -0.106606 0.06194574 -0.98198 -0.1785444 0.05565456 -0.9069083 -0.4176359 0.03568268 -0.9547179 0.2953652 0.03741675 -0.9923384 0.1177478 0.03757866 -0.9968358 0.07004444 0.0376019 -0.9982308 0.04605809 0.03759572 -0.9988264 0.03053364 0.03758439 -0.9991156 0.0188491 0.03757577 -0.999253 0.009032422 0.03757241 -0.9992939 7.411736e-11 0.03757574 -0.999253 -0.009032423 0.03758444 -0.9991157 -0.0188491 0.03759572 -0.9988264 -0.03053362 0.03760199 -0.9982308 -0.04605811 0.03757852 -0.9968359 -0.07004447 0.03741692 -0.9923384 -0.117748 0.0356815 -0.9547132 -0.2953802 0.02413702 -0.9724804 0.2317313 0.02479576 -0.9955773 0.09061447 0.02482562 -0.9982361 0.0539301 0.02480695 -0.9990621 0.03549063 0.02478466 -0.9994156 0.02354036 0.02476748 -0.9995875 0.01453719 0.0247571 -0.9996693 0.006967522 0.02475357 -0.9996936 0 0.02475708 -0.9996692 -0.006967522 0.02476749 -0.9995875 -0.01453719 0.02478467 -0.9994156 -0.02354034 0.02480704 -0.9990621 -0.03549065 0.02482555 -0.9982361 -0.05393013 0.02479601 -0.9955773 -0.09061458 0.02413618 -0.9724815 -0.2317261 0.0162826 -0.9805189 0.1957488 0.01655088 -0.996963 0.07609762 0.01652408 -0.9988349 0.0453416 0.01648838 -0.999418 0.02986292 0.01646194 -0.9996681 0.01982028 0.01644486 -0.9997898 0.01224466 0.01643561 -0.9998477 0.005869979 0.01643276 -0.9998649 0 0.0164356 -0.9998477 -0.005869978 0.01644488 -0.9997898 -0.01224466 0.01646191 -0.9996681 -0.01982027 0.01648843 -0.999418 -0.02986293 0.01652405 -0.9988348 -0.04534161 0.01655096 -0.996963 -0.07609773 0.01628354 -0.9805175 -0.1957556 0.01025774 -0.9845623 0.1747337 0.01030656 -0.997641 0.06787001 0.01024105 -0.9991271 0.04049861 0.01019953 -0.9995914 0.02670053 0.01017568 -0.999791 0.01773299 0.01016212 -0.9998883 0.01095971 0.01015516 -0.9999347 0.005255006 0.01015303 -0.9999484 0 0.01015515 -0.9999347 -0.005255006 0.01016213 -0.9998883 -0.01095971 0.01017569 -0.9997909 -0.01773298 0.01019955 -0.9995914 -0.02670054 0.01024103 -0.9991271 -0.04049863 0.01030672 -0.9976409 -0.06787011 0.01025782 -0.9845625 -0.1747328 0.005157728 -0.9865915 0.1631282 0.004999321 -0.99797 0.06348959 0.00492515 -0.999267 0.03796195 0.004894606 -0.999674 0.0250556 0.004880096 -0.9998495 0.01665018 0.004872628 -0.9999351 0.01029389 0.004868924 -0.9999759 0.004936567 0.004867801 -0.9999881 3.705524e-11 0.00486892 -0.9999759 -0.004936567 0.004872644 -0.9999351 -0.01029389 0.004880092 -0.9998495 -0.01665017 0.004894608 -0.999674 -0.02505562 0.004925175 -0.999267 -0.03796197 0.004999332 -0.99797 -0.0634897 0.005156603 -0.9865915 -0.1631276 -6.097589e-08 -0.987312 0.1587929 -3.73218e-08 -0.9980717 0.06207224 -1.489693e-08 -0.9993091 0.03716509 1.48224e-09 -0.9996988 0.02454191 -2.630952e-09 -0.999867 0.01631271 -3.186775e-09 -0.9999492 0.01008643 -1.185775e-09 -0.9999883 0.004837998 -1.630393e-09 -1 0 -1.852773e-11 -0.9999883 -0.004837998 3.946413e-09 -0.9999491 -0.01008643 7.411134e-11 -0.999867 -0.01631271 1.211731e-08 -0.9996989 -0.02454192 3.590827e-08 -0.9993091 -0.03716511 2.41276e-08 -0.9980717 -0.06207233 6.502855e-08 -0.987312 -0.1587928 -0.005157733 -0.986591 0.1631308 -0.004999318 -0.9979699 0.0634907 -0.004925139 -0.9992671 0.03796173 -0.004894604 -0.999674 0.02505516 -0.004880106 -0.9998495 0.01665048 -0.004872631 -0.9999351 0.01029379 -0.004868927 -0.999976 0.004936905 -0.004867908 -0.9999881 0 -0.004868923 -0.999976 -0.004936905 -0.004872645 -0.9999351 -0.01029379 -0.004880088 -0.9998495 -0.01665048 -0.004894565 -0.999674 -0.02505517 -0.004925095 -0.9992671 -0.03796175 -0.004999265 -0.9979698 -0.06349079 -0.00515658 -0.9865916 -0.163127 -0.01025769 -0.984561 0.1747413 -0.01030658 -0.9976409 0.06787056 -0.01024105 -0.9991271 0.04049926 -0.01019953 -0.9995915 0.02670005 -0.01017569 -0.999791 0.01773305 -0.01016212 -0.9998883 0.01095964 -0.01015521 -0.9999347 0.005255353 -0.01015322 -0.9999484 -7.411056e-11 -0.01015521 -0.9999347 -0.005255353 -0.01016213 -0.9998883 -0.01095964 -0.0101757 -0.9997909 -0.01773304 -0.01019952 -0.9995915 -0.02670006 -0.01024096 -0.9991271 -0.04049928 -0.01030665 -0.9976409 -0.06787066 -0.0102577 -0.9845624 -0.1747333 -0.01628266 -0.9805188 0.1957493 -0.0165509 -0.996963 0.07609792 -0.01652408 -0.9988349 0.04534178 -0.01648838 -0.999418 0.02986268 -0.01646195 -0.9996681 0.01981996 -0.01644486 -0.9997898 0.01224462 -0.01643563 -0.9998477 0.005869992 -0.01643278 -0.999865 -3.705569e-11 -0.01643562 -0.9998477 -0.005869991 -0.01644488 -0.9997898 -0.01224463 -0.01646192 -0.9996681 -0.01981995 -0.01648842 -0.999418 -0.02986269 -0.01652405 -0.9988349 -0.0453418 -0.01655105 -0.996963 -0.07609803 -0.01628341 -0.9805175 -0.1957558 -0.02413701 -0.9724802 0.2317318 -0.02479578 -0.9955774 0.09061313 -0.02482565 -0.9982361 0.05393042 -0.02480696 -0.9990621 0.03549029 -0.02478466 -0.9994156 0.02354035 -0.02476748 -0.9995875 0.01453735 -0.02475711 -0.9996692 0.006967681 -0.0247534 -0.9996936 0 -0.02475711 -0.9996693 -0.006967681 -0.02476749 -0.9995875 -0.01453735 -0.02478466 -0.9994156 -0.02354032 -0.02480704 -0.9990621 -0.0354903 -0.02482558 -0.9982361 -0.05393044 -0.0247961 -0.9955774 -0.09061333 -0.02413613 -0.9724814 -0.2317266 -0.03568269 -0.9547176 0.295366 -0.03741683 -0.9923385 0.117747 -0.03757875 -0.9968359 0.07004124 -0.03760188 -0.9982309 0.0460581 -0.03759576 -0.9988264 0.03053333 -0.03758443 -0.9991157 0.01884921 -0.03757573 -0.999253 0.009032568 -0.03757221 -0.9992939 0 -0.0375757 -0.999253 -0.009032569 -0.03758447 -0.9991156 -0.01884921 -0.03759577 -0.9988264 -0.03053332 -0.03760197 -0.9982308 -0.04605813 -0.03757857 -0.9968359 -0.07004128 -0.03741715 -0.9923384 -0.1177471 -0.03568147 -0.954713 -0.2953809 -0.05565675 -0.9069196 0.4176112 -0.06194569 -0.9819797 0.1785454 -0.06273419 -0.9923207 0.1066017 -0.06294975 -0.9955516 0.070101 -0.06302208 -0.9969302 0.04645687 -0.06304708 -0.9975986 0.02867111 -0.063055 -0.9979155 0.01373647 -0.06305609 -0.99801 1.482599e-10 -0.06305494 -0.9979156 -0.01373647 -0.06304712 -0.9975986 -0.02867111 -0.06302207 -0.9969303 -0.04645682 -0.06294981 -0.9955516 -0.07010101 -0.06273394 -0.9923208 -0.1066018 -0.06194606 -0.9819796 -0.178546 -0.05565457 -0.9069098 -0.4176328 -0.09909092 -0.7439697 0.6608253 -0.1427394 -0.9066492 0.3970046 -0.155393 -0.9544203 0.2548233 -0.1599838 -0.9721397 0.1713176 -0.1620113 -0.9801197 0.1145328 -0.1629968 -0.9840712 0.07096425 -0.1634584 -0.9859621 0.03405873 -0.1635918 -0.9865281 5.953777e-10 -0.1634581 -0.9859622 -0.03405874 -0.162997 -0.9840711 -0.07096424 -0.1620117 -0.9801196 -0.1145328 -0.1599844 -0.9721394 -0.1713182 -0.1553923 -0.9544204 -0.2548233 -0.1427405 -0.9066486 -0.3970058 -0.09908967 -0.7439725 -0.6608222 -0.2680095 3.369871e-06 0.9634163 -0.4419931 1.103988e-05 0.8970185 -0.6000832 4.593058e-06 0.7999376 -0.7373313 -8.976074e-07 0.6755314 -0.8492414 -1.605785e-06 0.5280048 -0.9320252 1.592318e-06 0.3623933 -0.9828598 5.022073e-07 0.1843546 -1 -3.4031e-07 -2.658672e-09 -0.9828598 4.185067e-07 -0.1843549 -0.9320256 1.910778e-06 -0.3623925 -0.8492415 -1.78826e-06 -0.5280047 -0.7373303 -9.937796e-07 -0.6755323 -0.6000818 4.619765e-06 -0.7999387 -0.441994 1.112288e-05 -0.897018 -0.2680078 1.077795e-06 -0.9634167 -0.09909005 0.7439606 0.6608356 -0.1427435 0.9066673 0.3969618 -0.1553915 0.95442 0.2548252 -0.1599832 0.9721387 0.1713233 -0.1620101 0.9801193 0.1145373 -0.1629958 0.9840713 0.070964 -0.1634576 0.9859623 0.03405924 -0.1635914 0.9865282 1.488444e-10 -0.1634574 0.9859623 -0.03405924 -0.162996 0.9840713 -0.070964 -0.1620105 0.9801193 -0.1145372 -0.1599838 0.9721385 -0.1713239 -0.1553908 0.9544201 -0.2548252 -0.1427441 0.9066674 -0.3969615 -0.09909154 0.7439705 -0.6608243 -0.05565463 0.9068925 0.4176703 -0.06194563 0.9819803 0.1785429 -0.06273411 0.9923208 0.1066013 -0.0629496 0.9955516 0.0701008 -0.06302205 0.9969301 0.04645868 -0.06304707 0.9975986 0.02867047 -0.06305498 0.9979156 0.01373627 -0.06305537 0.99801 0 -0.06305494 0.9979156 -0.01373627 -0.0630471 0.9975986 -0.02867047 -0.06302205 0.9969302 -0.04645861 -0.06294973 0.9955516 -0.07010086 -0.06273378 0.9923208 -0.1066014 -0.06194571 0.9819803 -0.1785428 -0.0556532 0.9068918 -0.417672 -0.03568202 0.9547045 0.2954085 -0.03741677 0.9923391 0.1177416 -0.03757867 0.9968359 0.07004276 -0.03760185 0.9982309 0.04605736 -0.03759574 0.9988264 0.03053338 -0.03758439 0.9991156 0.01884878 -0.03757576 0.999253 0.009032435 -0.03757242 0.9992939 0 -0.03757574 0.999253 -0.009032434 -0.03758444 0.9991156 -0.01884878 -0.03759574 0.9988264 -0.03053338 -0.03760194 0.9982309 -0.04605737 -0.03757854 0.9968359 -0.0700428 -0.03741694 0.992339 -0.1177418 -0.0356812 0.9547076 -0.2953987 -0.02413715 0.9724836 0.2317179 -0.02479578 0.9955775 0.09061269 -0.02482564 0.9982361 0.05393155 -0.02480697 0.9990621 0.03549021 -0.02478465 0.9994156 0.02354026 -0.02476748 0.9995875 0.01453724 -0.02475706 0.9996692 0.006967646 -0.02475334 0.9996936 0 -0.02475703 0.9996692 -0.006967646 -0.02476748 0.9995875 -0.01453724 -0.02478466 0.9994156 -0.02354025 -0.02480704 0.9990621 -0.03549021 -0.02482556 0.9982359 -0.05393158 -0.02479604 0.9955774 -0.09061285 -0.0241363 0.9724849 -0.2317121 -0.0162826 0.9805184 0.1957515 -0.01655084 0.996963 0.0760977 -0.01652385 0.9988349 0.0453411 -0.01648838 0.999418 0.02986289 -0.01646194 0.9996681 0.01982008 -0.01644487 0.9997898 0.01224485 -0.01643562 0.9998477 0.005870464 -0.01643263 0.999865 0 -0.01643562 0.9998477 -0.005870464 -0.01644489 0.9997898 -0.01224485 -0.01646192 0.9996681 -0.01982007 -0.01648843 0.999418 -0.02986289 -0.01652384 0.9988349 -0.04534112 -0.01655089 0.996963 -0.07609782 -0.01628358 0.9805193 -0.1957466 -0.01025773 0.984561 0.1747412 -0.01030669 0.997641 0.0678677 -0.01024093 0.9991271 0.04049867 -0.01019944 0.9995915 0.02670027 -0.01017568 0.9997909 0.01773259 -0.01016212 0.9998883 0.01095949 -0.01015521 0.9999347 0.005255107 -0.01015322 0.9999484 0 -0.0101552 0.9999347 -0.005255108 -0.01016213 0.9998883 -0.01095949 -0.01017569 0.999791 -0.01773258 -0.01019948 0.9995915 -0.02670028 -0.01024091 0.9991271 -0.04049869 -0.01030682 0.997641 -0.06786782 -0.01025781 0.9845611 -0.1747404 -0.005157731 0.9865913 0.1631288 -0.004999324 0.9979699 0.06349044 -0.004925389 0.999267 0.03796196 -0.004894677 0.999674 0.02505499 -0.004880098 0.9998495 0.01664996 -0.004872632 0.9999351 0.0102936 -0.004868975 0.999976 0.00493673 -0.004868085 0.9999881 0 -0.004868971 0.999976 -0.00493673 -0.004872648 0.9999351 -0.0102936 -0.004880094 0.9998495 -0.01664995 -0.004894673 0.999674 -0.025055 -0.004925366 0.999267 -0.03796187 -0.004999333 0.9979699 -0.0634905 -0.005156606 0.9865915 -0.1631279 5.94515e-08 0.9873115 0.1587952 3.876723e-08 0.9980717 0.06207183 3.7056e-11 0.9996988 0.02454173 4.576357e-09 0.9999491 0.01008667 -2.556831e-09 0.9999492 -0.01008667 -1.104269e-08 0.9996989 -0.02454185 -3.390719e-08 0.9993091 -0.03716575 -2.453529e-08 0.9980717 -0.06207226 -6.692476e-08 0.9873117 -0.158794 -0.6596635 -0.09597229 0.7454082 -0.6602722 0.003641636 0.7510175 -0.6568038 0.1086585 0.7461917 -0.6487746 0.2235316 0.72741 -0.6353391 0.3522113 0.6872348 -0.615566 0.4955767 0.6127661 -0.5895528 0.6450992 0.4860807 -0.5602745 0.7745488 0.2935415 -0.5343345 0.8439987 0.04639784 -0.5182822 0.8288533 -0.2106794 -0.5133549 0.74361 -0.4283817 -0.5156449 0.6247557 -0.5863366 -0.5204474 0.5007504 -0.6916529 -0.524883 0.3837277 -0.7597704 -0.5276915 0.275591 -0.8034869 -0.5284614 0.1740516 -0.8309239 -0.5270301 0.07550915 -0.8464855 -0.5232725 -0.02404838 -0.851826 -0.5170769 -0.1288983 -0.8461777 -0.5084121 -0.243484 -0.8259737 -0.4975645 -0.371746 -0.7837311 -0.4857718 -0.5145693 -0.7065721 -0.4764512 -0.6634811 -0.5768771 -0.4757333 -0.7924132 -0.3817841 -0.4895901 -0.861655 -0.1336124 -0.5177589 -0.8467206 0.1224331 -0.5526361 -0.7619918 0.3375824 -0.585666 -0.6437455 0.4925312 -0.6124463 -0.5202856 0.5951574 -0.6323368 -0.4036834 0.6612033 -0.6461965 -0.2958343 0.7034999 -0.6550697 -0.1944596 0.7301159 0.9962448 0.0171806 0.08485954 0.6288239 0.7655523 -0.1360521 0.5855476 0.8086215 -0.0571424 0.5363134 0.8435202 0.02900903 0.4787618 0.8686606 0.1273417 0.4104539 0.878657 0.2439048 0.3302698 0.8619961 0.3845575 0.242189 0.7992461 0.5500455 0.1605115 0.668678 0.7260205 0.1086283 0.4665613 0.8777929 0.1029002 0.2252155 0.9688599 0.1376514 -0.005026949 0.990468 0.1931897 -0.1926153 0.9620692 0.2528332 -0.3340762 0.9080025 0.3087848 -0.4393169 0.8435951 0.3591803 -0.5194258 0.775362 0.4047138 -0.5826999 0.7047465 0.4468602 -0.6345215 0.6306334 0.4872837 -0.6779393 0.5504116 0.5277566 -0.7139041 0.4602324 0.5701758 -0.7408885 0.3549421 0.6164712 -0.7535659 0.2282581 0.6680418 -0.7403904 0.07444619 0.724097 -0.6815404 -0.105765 0.7785808 -0.5542868 -0.2942413 0.8195073 -0.3535092 -0.4510421 0.8362294 -0.1108182 -0.5370657 0.8286184 0.1227277 -0.5461954 0.8050993 0.3142224 -0.50307 0.7740847 0.4591685 -0.4358408 0.7401823 0.5670922 -0.3612984 0.7048976 0.6490423 -0.2861179 0.6681035 0.7133811 -0.2114834 -0.9030493 -0.1099984 -0.4152136 -0.5411106 -9.246306e-07 0.8409514 -0.3650839 0.6384856 0.6775321 -0.2671577 0.8259763 0.4963769 -0.08264346 0.9847631 0.1530091 -0.001052088 0.9999977 0.001903778 0.08729147 0.9828937 -0.1621726 0.2446987 0.8568645 -0.4537685 0.5438783 -3.944619e-07 -0.8391641 0.879088 0.000361621 0.4766592 0.8797762 0.000272754 0.475388 0.8799375 0.0003096876 0.4750895 0.8800277 0.0002277974 0.4749224 0.8800756 0.0002766775 0.4748335 0.8801094 0.0002632033 0.4747709 0.8801376 0.0003064993 0.4747186 0.8801655 0.0002786125 0.4746667 0.8801921 0.0002421702 0.4746175 0.8802207 0.0003248449 0.4745644 0.8802629 0.0002802184 0.4744864 0.8803059 0.0002700977 0.4744064 0.8803691 0.000282946 0.4742891 0.8805256 0.0003050512 0.4739984 0.8813437 0.0001654792 0.4724756 0.8798321 8.173753e-05 0.4752845 0.8800216 0.0001205191 0.4749337 0.8800846 0.0001168229 0.4748168 0.88011 9.198584e-05 0.4747698 0.880127 0.0001098737 0.4747384 0.8801416 0.000103232 0.4747112 0.8801532 0.0001020679 0.4746897 0.8801647 0.0001048954 0.4746685 0.8801752 0.0001025157 0.4746489 0.8801869 0.0001048692 0.4746273 0.8802012 0.0001130576 0.4746009 0.8802216 9.371458e-05 0.474563 0.8802518 0.0001314092 0.4745068 0.8803139 0.0001221686 0.4743917 0.8805241 0.0001914152 0.4740014 0.8798513 0.0001070049 0.4752491 0.8800739 4.816253e-05 0.4748367 0.8801106 5.199943e-05 0.4747689 0.8801278 5.535159e-05 0.4747369 0.8801398 6.558424e-05 0.4747145 0.8801493 5.973292e-05 0.474697 0.8801576 6.160706e-05 0.4746816 0.8801646 6.033738e-05 0.4746687 0.8801715 6.51946e-05 0.4746559 0.8801794 6.056083e-05 0.4746412 0.8801897 6.55525e-05 0.4746222 0.8802009 5.726035e-05 0.4746014 0.8802197 5.730743e-05 0.4745665 0.8802525 4.903653e-05 0.4745055 0.8804324 1.68525e-05 0.4741717 0.8800194 4.862853e-05 0.4749379 0.8800947 3.532191e-05 0.4747981 0.8801196 3.803281e-05 0.4747521 0.8801367 3.967528e-05 0.4747203 0.8801459 4.447804e-05 0.4747033 0.8801531 4.143739e-05 0.4746901 0.8801593 4.106657e-05 0.4746785 0.8801643 4.496627e-05 0.4746691 0.8801698 3.851678e-05 0.474659 0.8801758 4.158168e-05 0.4746479 0.8801832 4.107142e-05 0.4746342 0.8801923 3.381562e-05 0.4746172 0.8802062 4.186129e-05 0.4745915 0.8802325 3.058029e-05 0.4745427 0.88034 4.390947e-05 0.4743432 0.8799957 2.698271e-05 0.4749815 0.8801014 2.076722e-05 0.4747859 0.8801277 2.791128e-05 0.4747369 0.8801413 2.958176e-05 0.4747119 0.8801483 2.787791e-05 0.4746987 0.880155 2.668932e-05 0.4746865 0.8801598 2.441955e-05 0.4746774 0.8801646 2.87417e-05 0.4746687 0.8801692 2.341837e-05 0.4746602 0.8801741 2.827584e-05 0.474651 0.8801802 2.959941e-05 0.4746397 0.8801886 2.743515e-05 0.4746241 0.8802016 3.283266e-05 0.4746 0.8802262 2.632039e-05 0.4745543 0.8803392 3.633809e-05 0.4743447 0.8800227 3.232976e-05 0.4749316 0.8801103 1.011437e-05 0.4747694 0.8801332 1.324391e-05 0.4747269 0.880144 1.433027e-05 0.4747069 0.8801505 1.454799e-05 0.4746948 0.8801556 1.608393e-05 0.4746853 0.8801605 1.820177e-05 0.4746764 0.8801643 1.96643e-05 0.4746691 0.8801689 1.643814e-05 0.4746608 0.880173 1.543198e-05 0.474653 0.880178 1.620581e-05 0.4746438 0.8801854 1.945607e-05 0.4746299 0.8801962 2.212538e-05 0.4746101 0.8802161 1.261988e-05 0.4745731 0.8803174 1.811881e-05 0.4743851 0.8800325 1.946735e-05 0.4749134 0.8801131 1.472487e-05 0.4747642 0.8801353 8.634282e-06 0.474723 0.8801445 6.046223e-06 0.4747057 0.8801512 7.654226e-06 0.4746935 0.880156 7.206381e-06 0.4746844 0.8801603 7.483285e-06 0.4746764 0.8801644 7.946509e-06 0.4746689 0.8801689 7.548807e-06 0.4746607 0.8801728 6.230704e-06 0.4746534 0.8801771 6.434394e-06 0.4746453 0.8801842 7.251532e-06 0.4746322 0.8801943 3.784772e-06 0.4746135 0.8802128 -2.579661e-06 0.474579 0.8802883 0 0.4744391 0.8800398 0 0.4748999 0.880115 9.544118e-07 0.4747605 0.8801352 -8.016703e-07 0.474723 0.8801459 -4.884473e-07 0.4747033 0.8801512 5.766368e-07 0.4746934 0.880156 1.305725e-06 0.4746844 0.8801604 -4.346538e-07 0.4746764 0.8801645 -4.083015e-07 0.4746688 0.8801687 -8.661918e-07 0.4746611 0.880173 -9.232195e-07 0.4746529 0.8801773 1.028076e-06 0.4746452 0.8801843 0 0.474632 0.8801931 0 0.4746158 0.8802136 0 0.4745777 0.880286 0 0.4744433 0.8800292 -1.829392e-05 0.4749195 0.8801134 -1.384096e-05 0.4747635 0.8801353 -1.086138e-05 0.474723 0.8801445 -6.559852e-06 0.4747057 0.8801513 -8.299985e-06 0.4746931 0.880156 -6.161163e-06 0.4746845 0.8801605 -8.870471e-06 0.4746763 0.8801643 -7.881638e-06 0.4746691 0.8801687 -7.30483e-06 0.4746611 0.8801728 -8.731028e-06 0.4746534 0.8801773 -5.727421e-06 0.4746451 0.8801844 -6.768309e-06 0.4746319 0.8801942 -5.685539e-06 0.4746136 0.8802133 2.103773e-06 0.4745782 0.8802885 0 0.4744388 0.8800221 -2.860144e-05 0.4749327 0.8801104 -7.80506e-06 0.4747691 0.8801334 -1.591019e-05 0.4747264 0.8801438 -1.589739e-05 0.474707 0.8801506 -1.694455e-05 0.4746946 0.8801556 -1.572756e-05 0.4746853 0.8801605 -1.806655e-05 0.4746762 0.8801642 -1.954267e-05 0.4746692 0.8801689 -1.614135e-05 0.4746605 0.880173 -1.669786e-05 0.474653 0.880178 -1.545398e-05 0.4746438 0.8801855 -1.977932e-05 0.4746297 0.8801966 -2.498152e-05 0.4746093 0.8802162 -1.111748e-05 0.4745728 0.8803176 -1.813218e-05 0.4743847 0.8799949 -2.251946e-05 0.4749832 0.8801013 -2.036438e-05 0.474786 0.880128 -2.559094e-05 0.4747365 0.880141 -3.076026e-05 0.4747124 0.8801484 -2.845105e-05 0.4746987 0.880155 -2.629779e-05 0.4746864 0.8801593 -2.480362e-05 0.4746782 0.8801646 -2.934982e-05 0.4746687 0.8801692 -2.483371e-05 0.47466 0.8801742 -2.848588e-05 0.4746508 0.8801805 -3.041038e-05 0.4746392 0.880188 -2.684767e-05 0.4746252 0.8802013 -3.187064e-05 0.4746005 0.8802292 -2.785884e-05 0.4745488 0.880337 -3.757324e-05 0.4743488 0.8800071 -4.959054e-05 0.4749606 0.8800964 -3.175719e-05 0.4747951 0.8801199 -3.55493e-05 0.4747513 0.8801367 -4.141057e-05 0.4747205 0.880146 -4.268576e-05 0.4747031 0.8801532 -4.002496e-05 0.4746898 0.8801591 -4.0401e-05 0.4746787 0.8801646 -4.428306e-05 0.4746688 0.8801699 -3.739052e-05 0.4746588 0.880176 -3.923851e-05 0.4746474 0.8801833 -4.092606e-05 0.4746339 0.8801921 -3.499425e-05 0.4746176 0.8802062 -3.690933e-05 0.4745915 0.880237 -3.451561e-05 0.4745344 0.8803186 -4.536536e-05 0.4743828 0.8798513 -9.995967e-05 0.4752491 0.8800761 -4.443001e-05 0.4748327 0.8801098 -5.085208e-05 0.4747702 0.8801278 -5.808525e-05 0.4747368 0.8801401 -5.986926e-05 0.4747141 0.8801492 -5.912896e-05 0.4746969 0.8801574 -6.17092e-05 0.474682 0.8801644 -6.061826e-05 0.474669 0.8801714 -6.439953e-05 0.4746559 0.8801798 -5.973939e-05 0.4746403 0.8801888 -6.683615e-05 0.4746237 0.8802012 -5.852315e-05 0.4746007 0.8802173 -5.239922e-05 0.4745709 0.8802533 -4.988463e-05 0.474504 0.8804333 -1.88197e-05 0.47417 0.879827 -8.646899e-05 0.4752942 0.8800243 -0.0001186165 0.4749288 0.880081 -0.0001222405 0.4748235 0.880109 -9.697613e-05 0.4747717 0.8801274 -0.0001125831 0.4747377 0.8801419 -0.0001033092 0.4747107 0.8801535 -0.0001060374 0.4746893 0.8801647 -0.0001051846 0.4746684 0.8801753 -0.0001027044 0.4746489 0.8801867 -9.97446e-05 0.4746277 0.8802009 -0.000107741 0.4746012 0.8802213 -0.0001000273 0.4745634 0.8802544 -0.0001226311 0.4745021 0.8803167 -0.0001148419 0.4743864 0.8806002 -0.000195834 0.4738601 0.8788986 -0.0003708513 0.4770086 0.8797931 -0.0002875063 0.4753567 0.8799372 -0.0003325949 0.47509 0.8800238 -0.0002442618 0.4749294 0.8800763 -0.0002985955 0.4748322 0.880109 -0.0002555772 0.4747717 0.8801379 -0.0002955838 0.4747179 0.8801653 -0.0002784487 0.4746671 0.8801923 -0.0002495463 0.4746172 0.8802215 -0.0003037018 0.4745629 0.8802604 -0.0002698222 0.4744908 0.8803031 -0.000284886 0.4744116 0.8803627 -0.0002737839 0.4743009 0.8805411 -0.0002918441 0.4739697 0.8811108 -0.0001748706 0.4729098 -0.45275 -0.2966102 0.8408566 -0.4216644 -0.4579481 0.7826127 -0.3584782 -0.657596 0.6626168 -0.3190128 -0.7400221 0.5921133 -0.2662835 -0.8283089 0.4929475 -0.1637624 -0.9385449 0.3038344 -0.08217727 -0.9848658 0.152598 -0.001252444 -0.9999966 0.002304497 0.08838624 -0.9824807 -0.1640719 0.1707006 -0.9330587 -0.3166429 0.2522914 -0.8474988 -0.4670063 0.3173555 -0.7432324 -0.5889746 0.3504227 -0.6748879 -0.6494077 0.4137081 -0.4922193 -0.7658758 0.4660618 -0.1832274 -0.8655716 -0.8811523 -0.0001691876 -0.4728326 -0.8805531 -0.0002807269 -0.4739473 -0.8803635 -0.0002473108 -0.4742998 -0.8803034 -0.0002806388 -0.4744111 -0.8802633 -0.0002528852 -0.4744856 -0.8802208 -0.0003205144 -0.4745642 -0.8801918 -0.0002667894 -0.4746182 -0.8801658 -0.0002736873 -0.4746663 -0.880137 -0.0003041821 -0.4747197 -0.8801083 -0.0002495247 -0.474773 -0.8800765 -0.0002621691 -0.4748319 -0.8800268 -0.0002161265 -0.4749241 -0.8799368 -0.0002944393 -0.4750907 -0.8797834 -0.0003190321 -0.4753746 -0.8788551 -0.0004304482 -0.4770886 -0.8805686 -0.000178781 -0.4739187 -0.8803032 -0.000117184 -0.4744115 -0.8802531 -0.0001433515 -0.4745046 -0.8802202 -9.809992e-05 -0.4745655 -0.8802015 -9.981666e-05 -0.4746 -0.8801869 -0.0001123726 -0.4746273 -0.8801752 -9.846368e-05 -0.474649 -0.8801646 -0.0001043017 -0.4746686 -0.8801533 -0.0001077681 -0.4746895 -0.8801413 -0.0001083338 -0.4747117 -0.8801274 -0.0001144355 -0.4747374 -0.8801088 -8.699801e-05 -0.4747721 -0.8800781 -0.0001100769 -0.4748289 -0.8800263 -0.0001084068 -0.4749248 -0.879809 -0.0001079784 -0.4753273 -0.8804362 -4.688308e-05 -0.4741646 -0.8802557 -4.881791e-05 -0.4744997 -0.880217 -5.950387e-05 -0.4745714 -0.8802004 -5.557262e-05 -0.4746022 -0.8801892 -6.179162e-05 -0.474623 -0.8801795 -6.276125e-05 -0.4746411 -0.8801717 -6.124905e-05 -0.4746554 -0.8801647 -6.187843e-05 -0.4746684 -0.8801574 -5.833153e-05 -0.474682 -0.880149 -6.630725e-05 -0.4746975 -0.8801401 -6.837414e-05 -0.474714 -0.8801275 -5.825699e-05 -0.4747373 -0.8801076 -5.37808e-05 -0.4747743 -0.8800737 -5.195808e-05 -0.4748372 -0.879891 -9.344734e-05 -0.4751755 -0.880338 -6.468421e-05 -0.474347 -0.880232 -2.58016e-05 -0.4745436 -0.8802073 -4.527652e-05 -0.4745895 -0.880192 -3.539219e-05 -0.4746177 -0.8801832 -4.425432e-05 -0.4746341 -0.8801756 -4.063588e-05 -0.4746482 -0.8801696 -4.002414e-05 -0.4746592 -0.8801647 -4.496625e-05 -0.4746684 -0.8801591 -3.884937e-05 -0.4746788 -0.8801529 -4.141851e-05 -0.4746902 -0.8801458 -4.091551e-05 -0.4747036 -0.880137 -3.507394e-05 -0.4747199 -0.88012 -4.281721e-05 -0.4747513 -0.8800938 -3.331514e-05 -0.4748001 -0.8800071 -1.389084e-05 -0.4749605 -0.8803445 -4.186707e-05 -0.4743351 -0.8802261 -2.393267e-05 -0.4745547 -0.8802013 -3.342994e-05 -0.4746006 -0.8801885 -2.801658e-05 -0.4746242 -0.8801805 -3.069948e-05 -0.4746392 -0.8801741 -2.704747e-05 -0.4746511 -0.8801689 -2.441767e-05 -0.4746606 -0.8801644 -2.793201e-05 -0.4746689 -0.8801597 -2.269328e-05 -0.4746778 -0.8801551 -2.827639e-05 -0.4746861 -0.8801485 -2.742128e-05 -0.4746985 -0.8801413 -3.041565e-05 -0.4747117 -0.8801288 -2.83966e-05 -0.4747349 -0.8800992 -2.341599e-05 -0.4747898 -0.8800122 -3.168989e-05 -0.4749511 -0.8803043 -4.724071e-06 -0.4744093 -0.8802165 -1.697476e-05 -0.4745724 -0.8801963 -2.080725e-05 -0.4746099 -0.8801857 -1.801339e-05 -0.4746294 -0.8801781 -1.607066e-05 -0.4746436 -0.880173 -1.448452e-05 -0.4746529 -0.8801689 -1.812321e-05 -0.4746607 -0.880164 -1.71469e-05 -0.4746697 -0.8801606 -1.795812e-05 -0.474676 -0.8801557 -1.803394e-05 -0.4746851 -0.8801505 -1.620845e-05 -0.4746948 -0.8801437 -1.555002e-05 -0.4747073 -0.8801333 -1.895209e-05 -0.4747266 -0.8801093 -9.083664e-06 -0.4747713 -0.880018 -3.169982e-05 -0.4749403 -0.8802912 0 -0.4744338 -0.8802134 -6.005327e-06 -0.4745781 -0.8801939 -6.417488e-06 -0.4746143 -0.8801845 -6.058593e-06 -0.4746316 -0.8801771 -6.632716e-06 -0.4746452 -0.8801727 -4.587759e-06 -0.4746535 -0.8801689 -1.098975e-05 -0.4746607 -0.8801644 -8.691322e-06 -0.4746689 -0.8801606 -8.285599e-06 -0.474676 -0.8801562 -7.103977e-06 -0.4746843 -0.8801512 -6.435668e-06 -0.4746936 -0.8801447 -9.844792e-06 -0.4747056 -0.8801354 -1.234338e-05 -0.4747227 -0.8801137 -3.022784e-06 -0.4747629 -0.880029 -1.746676e-05 -0.4749201 -0.880289 0 -0.4744379 -0.8802138 0 -0.4745775 -0.8801926 0 -0.4746168 -0.8801841 0 -0.4746323 -0.8801771 -6.069099e-07 -0.4746453 -0.8801727 -1.30507e-06 -0.4746536 -0.8801686 4.352869e-07 -0.4746613 -0.8801645 4.083042e-07 -0.4746688 -0.8801603 8.655588e-07 -0.4746765 -0.8801562 9.225697e-07 -0.4746842 -0.8801511 -1.163357e-06 -0.4746937 -0.8801454 -3.461923e-07 -0.4747042 -0.8801351 1.202964e-06 -0.4747231 -0.8801154 1.116948e-06 -0.4747598 -0.8800383 0 -0.4749027 -0.8802891 0 -0.4744377 -0.8802131 5.73414e-06 -0.4745786 -0.8801936 4.702898e-06 -0.4746149 -0.8801845 5.906932e-06 -0.4746318 -0.880177 7.315312e-06 -0.4746456 -0.8801729 3.545204e-06 -0.4746532 -0.8801689 1.155137e-05 -0.4746608 -0.8801643 8.526575e-06 -0.4746692 -0.8801603 8.548181e-06 -0.4746765 -0.8801559 9.601633e-06 -0.4746849 -0.880151 5.873662e-06 -0.4746937 -0.8801442 8.111922e-06 -0.4747064 -0.8801351 1.393168e-05 -0.4747233 -0.8801135 4.349211e-06 -0.4747633 -0.8800286 1.721091e-05 -0.4749206 -0.8803085 5.806708e-06 -0.4744016 -0.880216 1.434592e-05 -0.4745731 -0.8801962 2.150061e-05 -0.4746099 -0.8801857 1.955417e-05 -0.4746294 -0.8801779 1.843634e-05 -0.474644 -0.8801734 1.384131e-05 -0.4746522 -0.880169 1.812323e-05 -0.4746605 -0.8801641 1.712887e-05 -0.4746694 -0.8801603 1.757601e-05 -0.4746764 -0.8801554 1.947413e-05 -0.4746855 -0.8801505 1.529471e-05 -0.4746948 -0.8801438 1.445548e-05 -0.4747071 -0.8801332 2.049439e-05 -0.4747268 -0.8801091 7.204507e-06 -0.4747716 -0.8800229 3.199457e-05 -0.4749314 -0.8803316 4.187271e-05 -0.4743587 -0.8802263 2.305395e-05 -0.4745543 -0.8802016 3.106626e-05 -0.4746 -0.8801885 2.92587e-05 -0.4746241 -0.8801805 3.131646e-05 -0.4746392 -0.8801743 2.853954e-05 -0.4746506 -0.880169 2.607581e-05 -0.4746604 -0.8801646 2.854015e-05 -0.4746687 -0.8801596 2.40177e-05 -0.474678 -0.880155 3.000862e-05 -0.4746864 -0.8801485 2.83829e-05 -0.4746985 -0.8801415 3.006438e-05 -0.4747115 -0.8801284 2.720306e-05 -0.4747358 -0.8801024 2.500837e-05 -0.474784 -0.8800058 3.234151e-05 -0.474963 -0.8803387 5.767299e-05 -0.4743458 -0.8802325 2.224687e-05 -0.4745428 -0.8802065 4.284996e-05 -0.4745907 -0.8801925 3.726519e-05 -0.4746168 -0.8801833 4.296301e-05 -0.4746338 -0.8801758 4.062202e-05 -0.4746478 -0.8801698 3.936798e-05 -0.4746589 -0.8801646 4.428307e-05 -0.4746687 -0.8801593 3.77137e-05 -0.4746785 -0.8801532 4.058627e-05 -0.4746898 -0.8801459 4.129835e-05 -0.4747033 -0.8801363 3.679939e-05 -0.4747212 -0.8801188 3.805854e-05 -0.4747536 -0.880093 3.724123e-05 -0.4748013 -0.8800206 1.637898e-05 -0.4749356 -0.8804331 3.984139e-05 -0.4741704 -0.8802531 4.736473e-05 -0.4745045 -0.8802168 6.262537e-05 -0.4745719 -0.8802012 5.828509e-05 -0.4746007 -0.8801889 6.341907e-05 -0.4746234 -0.8801796 6.312301e-05 -0.4746408 -0.8801715 6.136243e-05 -0.474656 -0.8801645 6.215942e-05 -0.4746688 -0.8801574 5.752539e-05 -0.4746819 -0.8801492 6.466748e-05 -0.4746972 -0.8801401 6.328628e-05 -0.4747141 -0.8801275 5.804779e-05 -0.4747373 -0.8801067 4.777379e-05 -0.4747759 -0.8800701 5.775277e-05 -0.4748437 -0.8798696 9.542178e-05 -0.4752152 -0.8805721 0.000183604 -0.4739121 -0.8803061 0.0001109362 -0.4744062 -0.8802503 0.0001443462 -0.4745096 -0.8802212 0.0001042118 -0.4745635 -0.8802009 9.585208e-05 -0.4746013 -0.880187 0.000111566 -0.474627 -0.8801752 0.0001024457 -0.474649 -0.8801646 0.0001045909 -0.4746685 -0.8801532 0.0001079446 -0.4746897 -0.8801415 0.000103955 -0.4747115 -0.880127 0.0001149023 -0.4747383 -0.8801106 8.529535e-05 -0.4747687 -0.8800776 0.0001026577 -0.4748298 -0.8800249 0.0001098375 -0.4749277 -0.8798009 0.0001125437 -0.4753425 -0.8813295 0.0001724226 -0.472502 -0.880515 0.0002695094 -0.4740182 -0.8803701 0.0002282433 -0.4742873 -0.8803061 0.0002962753 -0.4744061 -0.880262 0.000255632 -0.4744879 -0.8802227 0.000312722 -0.4745607 -0.8801919 0.0002558819 -0.4746179 -0.8801658 0.0002735108 -0.4746663 -0.8801371 0.0003115384 -0.4747196 -0.880108 0.0002286898 -0.4747736 -0.8800767 0.0002754071 -0.4748313 -0.88003 0.0002308273 -0.4749181 -0.8799275 0.0002790655 -0.4751079 -0.8798 0.0002964179 -0.475344 -0.8789614 0.0004384042 -0.4768927 -0.4579756 0.2618478 0.8495257 -0.4294563 0.4236953 0.7975271 -0.3190503 0.7409753 0.5908996 -0.1655634 0.9371699 0.3070854 0.169186 0.9342967 -0.3137925 0.3193664 0.7401921 -0.59171 0.3513402 0.6720722 -0.6518274 0.4039756 0.5270807 -0.747656 0.467869 0.1728524 -0.8667299</float_array>
          <technique_common>
            <accessor count="1551" source="#IID-_0002-array" stride="3">
              <param type="float" name="X" />
              <param type="float" name="Y" />
              <param type="float" name="Z" />
            </accessor>
          </technique_common>
        </source>
        <vertices id="IID-_0001-vertices">
          <input semantic="POSITION" source="#IID-_0001" />
        </vertices>
        <triangles count="2986"><input semantic="VERTEX" source="#IID-_0001-vertices" offset="0" /><input semantic="NORMAL" source="#IID-_0002" offset="1" /><p>1 1 2 2 0 0 3 3 4 4 2 2 5 5 6 6 4 4 7 7 8 8 6 6 9 9 10 10 8 8 11 11 12 12 10 10 13 13 9 9 5 5 13 13 14 14 12 12 15 15 0 0 14 14 6 6 10 10 14 14 1 1 3 3 2 2 3 3 5 5 4 4 5 5 7 7 6 6 7 7 9 9 8 8 9 9 11 11 10 10 11 11 13 13 12 12 5 5 3 3 1 1 1 1 15 15 13 13 13 13 11 11 9 9 9 9 7 7 5 5 5 5 1 1 13 13 13 13 15 15 14 14 15 15 1 1 0 0 14 14 0 0 2 2 2 2 4 4 6 6 6 6 8 8 10 10 10 10 12 12 14 14 14 14 2 2 6 6 17 17 26 26 25 25 19 19 28 28 26 26 23 23 30 30 28 28 21 21 25 25 30 30 22 22 16 16 18 18 19 19 21 21 23 23 31 31 16 16 20 20 30 30 24 24 31 31 29 29 20 20 22 22 28 28 31 31 29 29 27 27 22 22 18 18 26 26 29 29 27 27 24 24 18 18 16 16 25 25 27 27 24 24 17 17 19 19 26 26 19 19 23 23 28 28 23 23 21 21 30 30 21 21 17 17 25 25 22 22 20 20 16 16 19 19 17 17 21 21 31 31 24 24 16 16 30 30 25 25 24 24 29 29 31 31 20 20 28 28 30 30 31 31 27 27 29 29 22 22 26 26 28 28 29 29 24 24 27 27 18 18 25 25 26 26 27 27 32 32 45 45 44 44 33 33 45 45 47 47 32 32 44 44 49 49 32 32 49 49 51 51 32 32 51 51 48 48 33 33 47 47 54 54 34 34 46 46 56 56 35 35 50 50 58 58 36 36 52 52 60 60 37 37 53 53 62 62 33 33 54 54 57 57 34 34 56 56 59 59 35 35 58 58 61 61 36 36 60 60 63 63 37 37 62 62 55 55 38 38 64 64 69 69 39 39 65 65 71 71 40 40 66 66 72 72 41 41 67 67 73 73 42 42 68 68 70 70 70 70 73 73 43 43 70 70 68 68 73 73 68 68 41 41 73 73 73 73 72 72 43 43 73 73 67 67 72 72 67 67 40 40 72 72 72 72 71 71 43 43 72 72 66 66 71 71 66 66 39 39 71 71 71 71 69 69 43 43 71 71 65 65 69 69 65 65 38 38 69 69 69 69 70 70 43 43 69 69 64 64 70 70 64 64 42 42 70 70 55 55 68 68 42 42 55 55 62 62 68 68 62 62 41 41 68 68 63 63 67 67 41 41 63 63 60 60 67 67 60 60 40 40 67 67 61 61 66 66 40 40 61 61 58 58 66 66 58 58 39 39 66 66 59 59 65 65 39 39 59 59 56 56 65 65 56 56 38 38 65 65 57 57 64 64 38 38 57 57 54 54 64 64 54 54 42 42 64 64 62 62 63 63 41 41 62 62 53 53 63 63 53 53 36 36 63 63 60 60 61 61 40 40 60 60 52 52 61 61 52 52 35 35 61 61 58 58 59 59 39 39 58 58 50 50 59 59 50 50 34 34 59 59 56 56 57 57 38 38 56 56 46 46 57 57 46 46 33 33 57 57 54 54 55 55 42 42 54 54 47 47 55 55 47 47 37 37 55 55 48 48 53 53 37 37 48 48 51 51 53 53 51 51 36 36 53 53 51 51 52 52 36 36 51 51 49 49 52 52 49 49 35 35 52 52 49 49 50 50 35 35 49 49 44 44 50 50 44 44 34 34 50 50 47 47 48 48 37 37 47 47 45 45 48 48 45 45 32 32 48 48 44 44 46 46 34 34 44 44 45 45 46 46 45 45 33 33 46 46 75 75 76 76 74 74 77 77 78 78 76 76 79 79 80 80 78 78 81 81 82 82 80 80 82 82 85 85 84 84 84 84 87 87 86 86 75 75 87 87 83 83 87 87 88 88 86 86 89 89 74 74 88 88 80 80 84 84 88 88 75 75 77 77 76 76 77 77 79 79 78 78 79 79 81 81 80 80 81 81 83 83 82 82 82 82 83 83 85 85 84 84 85 85 87 87 79 79 77 77 75 75 75 75 89 89 87 87 87 87 85 85 83 83 83 83 81 81 79 79 79 79 75 75 83 83 87 87 89 89 88 88 89 89 75 75 74 74 88 88 74 74 76 76 76 76 78 78 88 88 78 78 80 80 88 88 80 80 82 82 84 84 84 84 86 86 88 88 91 91 92 92 90 90 93 93 94 94 92 92 95 95 96 96 94 94 97 97 98 98 96 96 99 99 100 100 98 98 101 101 102 102 100 100 97 97 95 95 103 103 103 103 104 104 102 102 105 105 90 90 104 104 92 92 96 96 100 100 91 91 93 93 92 92 93 93 95 95 94 94 95 95 97 97 96 96 97 97 99 99 98 98 99 99 101 101 100 100 101 101 103 103 102 102 95 95 93 93 103 103 93 93 91 91 103 103 91 91 105 105 103 103 103 103 101 101 99 99 99 99 97 97 103 103 103 103 105 105 104 104 105 105 91 91 90 90 104 104 90 90 92 92 92 92 94 94 96 96 96 96 98 98 100 100 100 100 102 102 104 104 104 104 92 92 100 100 107 107 108 108 106 106 109 109 110 110 108 108 111 111 112 112 110 110 113 113 114 114 112 112 115 115 116 116 114 114 117 117 118 118 116 116 113 113 111 111 119 119 119 119 120 120 118 118 121 121 106 106 120 120 116 116 118 118 112 112 107 107 109 109 108 108 109 109 111 111 110 110 111 111 113 113 112 112 113 113 115 115 114 114 115 115 117 117 116 116 117 117 119 119 118 118 111 111 109 109 121 121 109 109 107 107 121 121 121 121 119 119 111 111 119 119 117 117 113 113 117 117 115 115 113 113 119 119 121 121 120 120 121 121 107 107 106 106 120 120 106 106 108 108 108 108 110 110 120 120 110 110 112 112 118 118 120 120 110 110 118 118 112 112 114 114 116 116 124 124 123 123 122 122 126 126 125 125 124 124 128 128 127 127 126 126 130 130 129 129 128 128 132 132 131 131 130 130 134 134 133 133 132 132 135 135 137 137 125 125 136 136 135 135 134 134 122 122 137 137 136 136 128 128 126 126 132 132 124 124 125 125 123 123 126 126 127 127 125 125 128 128 129 129 127 127 130 130 131 131 129 129 132 132 133 133 131 131 134 134 135 135 133 133 123 123 125 125 137 137 125 125 127 127 135 135 127 127 129 129 133 133 129 129 131 131 133 133 133 133 135 135 127 127 136 136 137 137 135 135 122 122 123 123 137 137 124 124 122 122 136 136 136 136 134 134 124 124 134 134 132 132 126 126 124 124 134 134 126 126 132 132 130 130 128 128 139 139 140 140 138 138 141 141 144 144 140 140 145 145 142 142 144 144 143 143 138 138 142 142 144 144 138 138 140 140 141 141 143 143 145 145 139 139 141 141 140 140 141 141 145 145 144 144 145 145 143 143 142 142 143 143 139 139 138 138 144 144 142 142 138 138 141 141 139 139 143 143 147 147 148 148 146 146 149 149 152 152 148 148 153 153 150 150 152 152 151 151 146 146 150 150 152 152 146 146 148 148 149 149 151 151 153 153 147 147 149 149 148 148 149 149 153 153 152 152 153 153 151 151 150 150 151 151 147 147 146 146 152 152 150 150 146 146 149 149 147 147 151 151 154 154 186 186 155 155 155 155 186 186 156 156 156 156 186 186 157 157 157 157 186 186 158 158 158 158 186 186 159 159 159 159 186 186 160 160 160 160 186 186 161 161 161 161 186 186 162 162 162 162 186 186 163 163 163 163 186 186 164 164 164 164 186 186 165 165 165 165 186 186 166 166 166 166 186 186 167 167 167 167 186 186 168 168 168 168 186 186 169 169 169 169 186 186 170 170 170 170 186 186 171 171 171 171 186 186 172 172 172 172 186 186 173 173 173 173 186 186 174 174 174 174 186 186 175 175 175 175 186 186 176 176 176 176 186 186 177 177 177 177 186 186 178 178 178 178 186 186 179 179 179 179 186 186 180 180 180 180 186 186 181 181 181 181 186 186 182 182 182 182 186 186 183 183 183 183 186 186 184 184 183 183 184 184 173 173 184 184 186 186 185 185 185 185 186 186 154 154 185 185 154 154 170 170 154 154 155 155 169 169 155 155 156 156 169 169 156 156 157 157 168 168 169 169 156 156 168 168 157 157 158 158 166 166 158 158 159 159 165 165 159 159 160 160 165 165 160 160 161 161 164 164 165 165 160 160 164 164 161 161 162 162 163 163 163 163 164 164 161 161 165 165 166 166 158 158 166 166 167 167 157 157 167 167 168 168 157 157 169 169 170 170 154 154 170 170 171 171 185 185 171 171 172 172 185 185 172 172 173 173 184 184 185 185 172 172 184 184 173 173 174 174 182 182 174 174 175 175 181 181 175 175 176 176 181 181 176 176 177 177 180 180 181 181 176 176 180 180 177 177 178 178 179 179 179 179 180 180 177 177 181 181 182 182 174 174 182 182 183 183 173 173 187 187 199 199 200 200 188 188 202 202 200 200 187 187 204 204 199 199 187 187 206 206 204 204 187 187 203 203 206 206 188 188 209 209 202 202 189 189 211 211 201 201 190 190 213 213 205 205 191 191 215 215 207 207 192 192 217 217 208 208 188 188 212 212 209 209 189 189 214 214 211 211 190 190 216 216 213 213 191 191 218 218 215 215 192 192 210 210 217 217 193 193 224 224 219 219 194 194 226 226 220 220 195 195 227 227 221 221 196 196 228 228 222 222 197 197 225 225 223 223 225 225 198 198 228 228 225 225 228 228 223 223 223 223 228 228 196 196 228 228 198 198 227 227 228 228 227 227 222 222 222 222 227 227 195 195 227 227 198 198 226 226 227 227 226 226 221 221 221 221 226 226 194 194 226 226 198 198 224 224 226 226 224 224 220 220 220 220 224 224 193 193 224 224 198 198 225 225 224 224 225 225 219 219 219 219 225 225 197 197 210 210 197 197 223 223 210 210 223 223 217 217 217 217 223 223 196 196 218 218 196 196 222 222 218 218 222 222 215 215 215 215 222 222 195 195 216 216 195 195 221 221 216 216 221 221 213 213 213 213 221 221 194 194 214 214 194 194 220 220 214 214 220 220 211 211 211 211 220 220 193 193 212 212 193 193 219 219 212 212 219 219 209 209 209 209 219 219 197 197 217 217 196 196 218 218 217 217 218 218 208 208 208 208 218 218 191 191 215 215 195 195 216 216 215 215 216 216 207 207 207 207 216 216 190 190 213 213 194 194 214 214 213 213 214 214 205 205 205 205 214 214 189 189 211 211 193 193 212 212 211 211 212 212 201 201 201 201 212 212 188 188 209 209 197 197 210 210 209 209 210 210 202 202 202 202 210 210 192 192 203 203 192 192 208 208 203 203 208 208 206 206 206 206 208 208 191 191 206 206 191 191 207 207 206 206 207 207 204 204 204 204 207 207 190 190 204 204 190 190 205 205 204 204 205 205 199 199 199 199 205 205 189 189 202 202 192 192 203 203 202 202 203 203 200 200 200 200 203 203 187 187 199 199 189 189 201 201 199 199 201 201 200 200 200 200 201 201 188 188 229 229 261 261 230 230 230 230 261 261 231 231 231 231 261 261 232 232 232 232 261 261 233 233 233 233 261 261 234 234 234 234 261 261 235 235 235 235 261 261 236 236 236 236 261 261 237 237 237 237 261 261 238 238 238 238 261 261 239 239 239 239 261 261 240 240 240 240 261 261 241 241 241 241 261 261 242 242 242 242 261 261 243 243 243 243 261 261 244 244 244 244 261 261 245 245 245 245 261 261 246 246 246 246 261 261 247 247 247 247 261 261 248 248 248 248 261 261 249 249 249 249 261 261 250 250 250 250 261 261 251 251 251 251 261 261 252 252 252 252 261 261 253 253 253 253 261 261 254 254 254 254 261 261 255 255 255 255 261 261 256 256 256 256 261 261 257 257 257 257 261 261 258 258 258 258 261 261 259 259 258 258 259 259 248 248 259 259 261 261 260 260 260 260 261 261 229 229 260 260 229 229 245 245 229 229 230 230 244 244 230 230 231 231 244 244 231 231 232 232 243 243 244 244 231 231 243 243 232 232 233 233 241 241 233 233 234 234 240 240 234 234 235 235 240 240 235 235 236 236 239 239 240 240 235 235 239 239 236 236 237 237 238 238 238 238 239 239 236 236 240 240 241 241 233 233 241 241 242 242 232 232 242 242 243 243 232 232 244 244 245 245 229 229 245 245 246 246 260 260 246 246 247 247 260 260 247 247 248 248 259 259 260 260 247 247 259 259 248 248 249 249 257 257 249 249 250 250 256 256 250 250 251 251 256 256 251 251 252 252 255 255 256 256 251 251 255 255 252 252 253 253 254 254 254 254 255 255 252 252 256 256 257 257 249 249 257 257 258 258 248 248 262 262 294 294 263 263 263 263 294 294 264 264 264 264 294 294 265 265 265 265 294 294 266 266 266 266 294 294 267 267 267 267 294 294 268 268 268 268 294 294 269 269 269 269 294 294 270 270 270 270 294 294 271 271 271 271 294 294 272 272 272 272 294 294 273 273 273 273 294 294 274 274 274 274 294 294 275 275 275 275 294 294 276 276 276 276 294 294 277 277 277 277 294 294 278 278 278 278 294 294 279 279 279 279 294 294 280 280 280 280 294 294 281 281 281 281 294 294 282 282 282 282 294 294 283 283 283 283 294 294 284 284 284 284 294 294 285 285 285 285 294 294 286 286 286 286 294 294 287 287 287 287 294 294 288 288 288 288 294 294 289 289 289 289 294 294 290 290 290 290 294 294 291 291 291 291 294 294 292 292 291 291 292 292 281 281 292 292 294 294 293 293 293 293 294 294 262 262 293 293 262 262 278 278 262 262 263 263 277 277 263 263 264 264 277 277 264 264 265 265 276 276 277 277 264 264 276 276 265 265 266 266 274 274 266 266 267 267 273 273 267 267 268 268 273 273 268 268 269 269 272 272 273 273 268 268 272 272 269 269 270 270 271 271 271 271 272 272 269 269 273 273 274 274 266 266 274 274 275 275 265 265 275 275 276 276 265 265 277 277 278 278 262 262 278 278 279 279 293 293 279 279 280 280 293 293 280 280 281 281 292 292 293 293 280 280 292 292 281 281 282 282 290 290 282 282 283 283 289 289 283 283 284 284 289 289 284 284 285 285 288 288 289 289 284 284 288 288 285 285 286 286 287 287 287 287 288 288 285 285 289 289 290 290 282 282 290 290 291 291 281 281 295 295 327 327 296 296 296 296 327 327 297 297 297 297 327 327 298 298 298 298 327 327 299 299 299 299 327 327 300 300 300 300 327 327 301 301 301 301 327 327 302 302 302 302 327 327 303 303 303 303 327 327 304 304 304 304 327 327 305 305 305 305 327 327 306 306 306 306 327 327 307 307 307 307 327 327 308 308 308 308 327 327 309 309 309 309 327 327 310 310 310 310 327 327 311 311 311 311 327 327 312 312 312 312 327 327 313 313 313 313 327 327 314 314 314 314 327 327 315 315 315 315 327 327 316 316 316 316 327 327 317 317 317 317 327 327 318 318 318 318 327 327 319 319 319 319 327 327 320 320 320 320 327 327 321 321 321 321 327 327 322 322 322 322 327 327 323 323 323 323 327 327 324 324 324 324 327 327 325 325 324 324 325 325 298 298 325 325 327 327 326 326 326 326 327 327 295 295 326 326 295 295 296 296 296 296 297 297 326 326 297 297 298 298 325 325 326 326 297 297 325 325 298 298 299 299 323 323 299 299 300 300 322 322 300 300 301 301 322 322 301 301 302 302 321 321 322 322 301 301 321 321 302 302 303 303 319 319 303 303 304 304 318 318 304 304 305 305 318 318 305 305 306 306 317 317 318 318 305 305 317 317 306 306 307 307 315 315 307 307 308 308 314 314 308 308 309 309 314 314 309 309 310 310 313 313 314 314 309 309 313 313 310 310 311 311 312 312 312 312 313 313 310 310 314 314 315 315 307 307 315 315 316 316 306 306 316 316 317 317 306 306 318 318 319 319 303 303 319 319 320 320 302 302 320 320 321 321 302 302 322 322 323 323 299 299 323 323 324 324 298 298 328 328 360 360 329 329 329 329 360 360 330 330 330 330 360 360 331 331 331 331 360 360 332 332 332 332 360 360 333 333 333 333 360 360 334 334 334 334 360 360 335 335 335 335 360 360 336 336 336 336 360 360 337 337 337 337 360 360 338 338 338 338 360 360 339 339 339 339 360 360 340 340 340 340 360 360 341 341 341 341 360 360 342 342 342 342 360 360 343 343 343 343 360 360 344 344 344 344 360 360 345 345 345 345 360 360 346 346 346 346 360 360 347 347 347 347 360 360 348 348 348 348 360 360 349 349 349 349 360 360 350 350 350 350 360 360 351 351 351 351 360 360 352 352 352 352 360 360 353 353 353 353 360 360 354 354 354 354 360 360 355 355 355 355 360 360 356 356 356 356 360 360 357 357 357 357 360 360 358 358 357 357 358 358 331 331 358 358 360 360 359 359 359 359 360 360 328 328 359 359 328 328 329 329 329 329 330 330 359 359 330 330 331 331 358 358 359 359 330 330 358 358 331 331 332 332 356 356 332 332 333 333 355 355 333 333 334 334 355 355 334 334 335 335 354 354 355 355 334 334 354 354 335 335 336 336 352 352 336 336 337 337 351 351 337 337 338 338 351 351 338 338 339 339 350 350 351 351 338 338 350 350 339 339 340 340 348 348 340 340 341 341 347 347 341 341 342 342 347 347 342 342 343 343 346 346 347 347 342 342 346 346 343 343 344 344 345 345 345 345 346 346 343 343 347 347 348 348 340 340 348 348 349 349 339 339 349 349 350 350 339 339 351 351 352 352 336 336 352 352 353 353 335 335 353 353 354 354 335 335 355 355 356 356 332 332 356 356 357 357 331 331 361 361 393 393 362 362 362 362 393 393 363 363 363 363 393 393 364 364 364 364 393 393 365 365 365 365 393 393 366 366 366 366 393 393 367 367 367 367 393 393 368 368 368 368 393 393 369 369 369 369 393 393 370 370 370 370 393 393 371 371 371 371 393 393 372 372 372 372 393 393 373 373 373 373 393 393 374 374 374 374 393 393 375 375 375 375 393 393 376 376 376 376 393 393 377 377 377 377 393 393 378 378 378 378 393 393 379 379 379 379 393 393 380 380 380 380 393 393 381 381 381 381 393 393 382 382 382 382 393 393 383 383 383 383 393 393 384 384 384 384 393 393 385 385 385 385 393 393 386 386 386 386 393 393 387 387 387 387 393 393 388 388 388 388 393 393 389 389 389 389 393 393 390 390 390 390 393 393 391 391 390 390 391 391 380 380 391 391 393 393 392 392 392 392 393 393 361 361 1003 1003 1035 1035 1004 1004 1004 1004 1035 1035 1005 1005 1005 1005 1035 1035 1006 1006 1006 1006 1035 1035 1007 1007 1007 1007 1035 1035 1008 1008 1008 1008 1035 1035 1009 1009 1009 1009 1035 1035 1010 1010 1010 1010 1035 1035 1011 1011 1011 1011 1035 1035 1012 1012 1012 1012 1035 1035 1013 1013 1013 1013 1035 1035 1014 1014 1014 1014 1035 1035 1015 1015 1015 1015 1035 1035 1016 1016 1016 1016 1035 1035 1017 1017 1017 1017 1035 1035 1018 1018 1018 1018 1035 1035 1019 1019 1019 1019 1035 1035 1020 1020 1020 1020 1035 1035 1021 1021 1021 1021 1035 1035 1022 1022 1022 1022 1035 1035 1023 1023 1023 1023 1035 1035 1024 1024 1024 1024 1035 1035 1025 1025 1025 1025 1035 1035 1026 1026 1026 1026 1035 1035 1027 1027 1027 1027 1035 1035 1028 1028 1028 1028 1035 1035 1029 1029 1029 1029 1035 1035 1030 1030 1030 1030 1035 1035 1031 1031 1031 1031 1035 1035 1032 1032 1032 1032 1035 1035 1033 1033 1032 1032 1033 1033 1022 1022 1033 1033 1035 1035 1034 1034 1034 1034 1035 1035 1003 1003 1036 1036 1068 1068 1037 1037 1037 1037 1068 1068 1038 1038 1038 1038 1068 1068 1039 1039 1039 1039 1068 1068 1040 1040 1040 1040 1068 1068 1041 1041 1041 1041 1068 1068 1042 1042 1042 1042 1068 1068 1043 1043 1043 1043 1068 1068 1044 1044 1044 1044 1068 1068 1045 1045 1045 1045 1068 1068 1046 1046 1046 1046 1068 1068 1047 1047 1047 1047 1068 1068 1048 1048 1048 1048 1068 1068 1049 1049 1049 1049 1068 1068 1050 1050 1050 1050 1068 1068 1051 1051 1051 1051 1068 1068 1052 1052 1052 1052 1068 1068 1053 1053 1053 1053 1068 1068 1054 1054 1054 1054 1068 1068 1055 1055 1055 1055 1068 1068 1056 1056 1056 1056 1068 1068 1057 1057 1057 1057 1068 1068 1058 1058 1058 1058 1068 1068 1059 1059 1059 1059 1068 1068 1060 1060 1060 1060 1068 1068 1061 1061 1061 1061 1068 1068 1062 1062 1062 1062 1068 1068 1063 1063 1063 1063 1068 1068 1064 1064 1064 1064 1068 1068 1065 1065 1065 1065 1068 1068 1066 1066 1065 1065 1066 1066 1055 1055 1066 1066 1068 1068 1067 1067 1067 1067 1068 1068 1036 1036 392 392 361 361 377 377 361 361 362 362 376 376 362 362 363 363 376 376 363 363 364 364 375 375 376 376 363 363 375 375 364 364 365 365 373 373 365 365 366 366 372 372 366 366 367 367 372 372 367 367 368 368 371 371 372 372 367 367 371 371 368 368 369 369 370 370 370 370 371 371 368 368 372 372 373 373 365 365 373 373 374 374 364 364 374 374 375 375 364 364 376 376 377 377 361 361 377 377 378 378 392 392 378 378 379 379 392 392 379 379 380 380 391 391 392 392 379 379 391 391 380 380 381 381 389 389 381 381 382 382 388 388 382 382 383 383 388 388 383 383 384 384 387 387 388 388 383 383 387 387 384 384 385 385 386 386 386 386 387 387 384 384 388 388 389 389 381 381 389 389 390 390 380 380 1034 1034 1003 1003 1019 1019 1003 1003 1004 1004 1018 1018 1004 1004 1005 1005 1018 1018 1005 1005 1006 1006 1017 1017 1018 1018 1005 1005 1017 1017 1006 1006 1007 1007 1015 1015 1007 1007 1008 1008 1014 1014 1008 1008 1009 1009 1014 1014 1009 1009 1010 1010 1013 1013 1014 1014 1009 1009 1013 1013 1010 1010 1011 1011 1012 1012 1012 1012 1013 1013 1010 1010 1014 1014 1015 1015 1007 1007 1015 1015 1016 1016 1006 1006 1016 1016 1017 1017 1006 1006 1018 1018 1019 1019 1003 1003 1019 1019 1020 1020 1034 1034 1020 1020 1021 1021 1034 1034 1021 1021 1022 1022 1033 1033 1034 1034 1021 1021 1033 1033 1022 1022 1023 1023 1031 1031 1023 1023 1024 1024 1030 1030 1024 1024 1025 1025 1030 1030 1025 1025 1026 1026 1029 1029 1030 1030 1025 1025 1029 1029 1026 1026 1027 1027 1028 1028 1028 1028 1029 1029 1026 1026 1030 1030 1031 1031 1023 1023 1031 1031 1032 1032 1022 1022 1067 1067 1036 1036 1052 1052 1036 1036 1037 1037 1051 1051 1037 1037 1038 1038 1051 1051 1038 1038 1039 1039 1050 1050 1051 1051 1038 1038 1050 1050 1039 1039 1040 1040 1048 1048 1040 1040 1041 1041 1047 1047 1041 1041 1042 1042 1047 1047 1042 1042 1043 1043 1046 1046 1047 1047 1042 1042 1046 1046 1043 1043 1044 1044 1045 1045 1045 1045 1046 1046 1043 1043 1047 1047 1048 1048 1040 1040 1048 1048 1049 1049 1039 1039 1049 1049 1050 1050 1039 1039 1051 1051 1052 1052 1036 1036 1052 1052 1053 1053 1067 1067 1053 1053 1054 1054 1067 1067 1054 1054 1055 1055 1066 1066 1067 1067 1054 1054 1066 1066 1055 1055 1056 1056 1064 1064 1056 1056 1057 1057 1063 1063 1057 1057 1058 1058 1063 1063 1058 1058 1059 1059 1062 1062 1063 1063 1058 1058 1062 1062 1059 1059 1060 1060 1061 1061 1061 1061 1062 1062 1059 1059 1063 1063 1064 1064 1056 1056 1064 1064 1065 1065 1055 1055 394 394 426 426 395 395 395 395 426 426 396 396 396 396 426 426 397 397 397 397 426 426 398 398 398 398 426 426 399 399 399 399 426 426 400 400 400 400 426 426 401 401 401 401 426 426 402 402 402 402 426 426 403 403 403 403 426 426 404 404 404 404 426 426 405 405 405 405 426 426 406 406 406 406 426 426 407 407 407 407 426 426 408 408 408 408 426 426 409 409 409 409 426 426 410 410 410 410 426 426 411 411 411 411 426 426 412 412 412 412 426 426 413 413 413 413 426 426 414 414 414 414 426 426 415 415 415 415 426 426 416 416 416 416 426 426 417 417 417 417 426 426 418 418 418 418 426 426 419 419 419 419 426 426 420 420 420 420 426 426 421 421 421 421 426 426 422 422 422 422 426 426 423 423 423 423 426 426 424 424 423 423 424 424 413 413 424 424 426 426 425 425 425 425 426 426 394 394 425 425 394 394 410 410 394 394 395 395 409 409 395 395 396 396 409 409 396 396 397 397 408 408 409 409 396 396 408 408 397 397 398 398 406 406 398 398 399 399 405 405 399 399 400 400 405 405 400 400 401 401 404 404 405 405 400 400 404 404 401 401 402 402 403 403 403 403 404 404 401 401 405 405 406 406 398 398 406 406 407 407 397 397 407 407 408 408 397 397 409 409 410 410 394 394 410 410 411 411 425 425 411 411 412 412 425 425 412 412 413 413 424 424 425 425 412 412 424 424 413 413 414 414 422 422 414 414 415 415 421 421 415 415 416 416 421 421 416 416 417 417 420 420 421 421 416 416 420 420 417 417 418 418 419 419 419 419 420 420 417 417 421 421 422 422 414 414 422 422 423 423 413 413 427 427 459 459 428 428 428 428 459 459 429 429 429 429 459 459 430 430 430 430 459 459 431 431 431 431 459 459 432 432 432 432 459 459 433 433 433 433 459 459 434 434 434 434 459 459 435 435 435 435 459 459 436 436 436 436 459 459 437 437 437 437 459 459 438 438 438 438 459 459 439 439 439 439 459 459 440 440 440 440 459 459 441 441 441 441 459 459 442 442 442 442 459 459 443 443 443 443 459 459 444 444 444 444 459 459 445 445 445 445 459 459 446 446 446 446 459 459 447 447 447 447 459 459 448 448 448 448 459 459 449 449 449 449 459 459 450 450 450 450 459 459 451 451 451 451 459 459 452 452 452 452 459 459 453 453 453 453 459 459 454 454 454 454 459 459 455 455 455 455 459 459 456 456 456 456 459 459 457 457 456 456 457 457 430 430 457 457 459 459 458 458 458 458 459 459 427 427 458 458 427 427 428 428 428 428 429 429 458 458 429 429 430 430 457 457 458 458 429 429 457 457 430 430 431 431 455 455 431 431 432 432 454 454 432 432 433 433 454 454 433 433 434 434 453 453 454 454 433 433 453 453 434 434 435 435 451 451 435 435 436 436 450 450 436 436 437 437 450 450 437 437 438 438 449 449 450 450 437 437 449 449 438 438 439 439 447 447 439 439 440 440 446 446 440 440 441 441 446 446 441 441 442 442 445 445 446 446 441 441 445 445 442 442 443 443 444 444 444 444 445 445 442 442 446 446 447 447 439 439 447 447 448 448 438 438 448 448 449 449 438 438 450 450 451 451 435 435 451 451 452 452 434 434 452 452 453 453 434 434 454 454 455 455 431 431 455 455 456 456 430 430 460 460 492 492 461 461 461 461 492 492 462 462 462 462 492 492 463 463 463 463 492 492 464 464 464 464 492 492 465 465 465 465 492 492 466 466 466 466 492 492 467 467 467 467 492 492 468 468 468 468 492 492 469 469 469 469 492 492 470 470 470 470 492 492 471 471 471 471 492 492 472 472 472 472 492 492 473 473 473 473 492 492 474 474 474 474 492 492 475 475 475 475 492 492 476 476 476 476 492 492 477 477 477 477 492 492 478 478 478 478 492 492 479 479 479 479 492 492 480 480 480 480 492 492 481 481 481 481 492 492 482 482 482 482 492 492 483 483 483 483 492 492 484 484 484 484 492 492 485 485 485 485 492 492 486 486 486 486 492 492 487 487 487 487 492 492 488 488 488 488 492 492 489 489 489 489 492 492 490 490 489 489 490 490 479 479 490 490 492 492 491 491 491 491 492 492 460 460 491 491 460 460 476 476 460 460 461 461 475 475 461 461 462 462 475 475 462 462 463 463 474 474 475 475 462 462 474 474 463 463 464 464 472 472 464 464 465 465 471 471 465 465 466 466 471 471 466 466 467 467 470 470 471 471 466 466 470 470 467 467 468 468 469 469 469 469 470 470 467 467 471 471 472 472 464 464 472 472 473 473 463 463 473 473 474 474 463 463 475 475 476 476 460 460 476 476 477 477 491 491 477 477 478 478 491 491 478 478 479 479 490 490 491 491 478 478 490 490 479 479 480 480 488 488 480 480 481 481 487 487 481 481 482 482 487 487 482 482 483 483 486 486 487 487 482 482 486 486 483 483 484 484 485 485 485 485 486 486 483 483 487 487 488 488 480 480 488 488 489 489 479 479 498 498 496 496 494 494 495 495 497 497 493 493 497 497 499 499 498 498 498 498 499 499 496 496 495 495 500 500 497 497 497 497 500 500 499 499 503 503 502 502 501 501 507 507 504 504 503 503 507 507 506 506 508 508 505 505 502 502 506 506 501 501 507 507 503 503 506 506 504 504 508 508 510 510 511 511 509 509 1549 1549 1089 1089 1090 1090 1545 1545 1083 1083 1072 1072 1550 1550 1090 1090 1091 1091 1072 1072 1084 1084 1073 1073 1542 1542 1069 1069 1077 1077 1076 1076 1550 1550 1091 1091 1074 1074 1084 1084 1085 1085 1542 1542 1078 1078 1543 1543 1546 1546 1085 1085 1086 1086 1543 1543 1079 1079 1070 1070 1075 1075 1086 1086 1087 1087 1070 1070 1080 1080 1544 1544 1547 1547 1087 1087 1088 1088 1544 1544 1081 1081 1071 1071 1548 1548 1088 1088 1089 1089 1071 1071 1082 1082 1545 1545 1080 1080 1096 1096 1081 1081 1089 1089 1103 1103 1104 1104 1081 1081 1097 1097 1082 1082 1090 1090 1104 1104 1105 1105 1082 1082 1098 1098 1083 1083 1091 1091 1105 1105 1106 1106 1083 1083 1099 1099 1084 1084 1077 1077 1069 1069 1092 1092 1076 1076 1091 1091 1106 1106 1085 1085 1099 1099 1100 1100 1077 1077 1093 1093 1078 1078 1086 1086 1100 1100 1101 1101 1078 1078 1094 1094 1079 1079 1087 1087 1101 1101 1102 1102 1079 1079 1095 1095 1080 1080 1088 1088 1102 1102 1103 1103 1100 1100 1114 1114 1115 1115 1092 1092 1108 1108 1093 1093 1101 1101 1115 1115 1116 1116 1093 1093 1109 1109 1094 1094 1102 1102 1116 1116 1117 1117 1094 1094 1110 1110 1095 1095 1103 1103 1117 1117 1118 1118 1095 1095 1111 1111 1096 1096 1104 1104 1118 1118 1119 1119 1096 1096 1112 1112 1097 1097 1105 1105 1119 1119 1120 1120 1097 1097 1113 1113 1098 1098 1106 1106 1120 1120 1121 1121 1098 1098 1114 1114 1099 1099 1092 1092 1069 1069 1107 1107 1076 1076 1106 1106 1121 1121 1119 1119 1133 1133 1134 1134 1111 1111 1127 1127 1112 1112 1120 1120 1134 1134 1135 1135 1112 1112 1128 1128 1113 1113 1121 1121 1135 1135 1136 1136 1113 1113 1129 1129 1114 1114 1107 1107 1069 1069 1122 1122 1076 1076 1121 1121 1136 1136 1115 1115 1129 1129 1130 1130 1107 1107 1123 1123 1108 1108 1116 1116 1130 1130 1131 1131 1108 1108 1124 1124 1109 1109 1117 1117 1131 1131 1132 1132 1109 1109 1125 1125 1110 1110 1118 1118 1132 1132 1133 1133 1110 1110 1126 1126 1111 1111 1131 1131 1145 1145 1146 1146 1123 1123 1139 1139 1124 1124 1132 1132 1146 1146 1147 1147 1124 1124 1140 1140 1125 1125 1133 1133 1147 1147 1148 1148 1125 1125 1141 1141 1126 1126 1134 1134 1148 1148 1149 1149 1126 1126 1142 1142 1127 1127 1135 1135 1149 1149 1150 1150 1127 1127 1143 1143 1128 1128 1136 1136 1150 1150 1151 1151 1128 1128 1144 1144 1129 1129 1122 1122 1069 1069 1137 1137 1076 1076 1136 1136 1151 1151 1130 1130 1144 1144 1145 1145 1122 1122 1138 1138 1123 1123 1150 1150 1164 1164 1165 1165 1142 1142 1158 1158 1143 1143 1151 1151 1165 1165 1166 1166 1143 1143 1159 1159 1144 1144 1137 1137 1069 1069 1152 1152 1076 1076 1151 1151 1166 1166 1145 1145 1159 1159 1160 1160 1137 1137 1153 1153 1138 1138 1146 1146 1160 1160 1161 1161 1138 1138 1154 1154 1139 1139 1147 1147 1161 1161 1162 1162 1139 1139 1155 1155 1140 1140 1148 1148 1162 1162 1163 1163 1140 1140 1156 1156 1141 1141 1149 1149 1163 1163 1164 1164 1141 1141 1157 1157 1142 1142 1153 1153 1169 1169 1154 1154 1162 1162 1176 1176 1177 1177 1154 1154 1170 1170 1155 1155 1163 1163 1177 1177 1178 1178 1155 1155 1171 1171 1156 1156 1164 1164 1178 1178 1179 1179 1156 1156 1172 1172 1157 1157 1165 1165 1179 1179 1180 1180 1157 1157 1173 1173 1158 1158 1166 1166 1180 1180 1181 1181 1158 1158 1174 1174 1159 1159 1152 1152 1069 1069 1167 1167 1076 1076 1166 1166 1181 1181 1160 1160 1174 1174 1175 1175 1152 1152 1168 1168 1153 1153 1161 1161 1175 1175 1176 1176 1172 1172 1188 1188 1173 1173 1181 1181 1195 1195 1196 1196 1173 1173 1189 1189 1174 1174 1167 1167 1069 1069 1182 1182 1076 1076 1181 1181 1196 1196 1175 1175 1189 1189 1190 1190 1167 1167 1183 1183 1168 1168 1176 1176 1190 1190 1191 1191 1168 1168 1184 1184 1169 1169 1177 1177 1191 1191 1192 1192 1169 1169 1185 1185 1170 1170 1178 1178 1192 1192 1193 1193 1170 1170 1186 1186 1171 1171 1179 1179 1193 1193 1194 1194 1171 1171 1187 1187 1172 1172 1180 1180 1194 1194 1195 1195 1191 1191 1207 1207 1192 1192 1185 1185 1199 1199 1200 1200 1192 1192 1208 1208 1193 1193 1186 1186 1200 1200 1201 1201 1193 1193 1209 1209 1194 1194 1187 1187 1201 1201 1202 1202 1194 1194 1210 1210 1195 1195 1188 1188 1202 1202 1203 1203 1195 1195 1211 1211 1196 1196 1189 1189 1203 1203 1204 1204 1182 1182 1069 1069 1197 1197 1076 1076 1196 1196 1211 1211 1189 1189 1205 1205 1190 1190 1183 1183 1197 1197 1198 1198 1190 1190 1206 1206 1191 1191 1184 1184 1198 1198 1199 1199 1210 1210 1226 1226 1211 1211 1204 1204 1218 1218 1219 1219 1197 1197 1069 1069 1212 1212 1076 1076 1211 1211 1226 1226 1204 1204 1220 1220 1205 1205 1198 1198 1212 1212 1213 1213 1205 1205 1221 1221 1206 1206 1199 1199 1213 1213 1214 1214 1206 1206 1222 1222 1207 1207 1200 1200 1214 1214 1215 1215 1207 1207 1223 1223 1208 1208 1201 1201 1215 1215 1216 1216 1208 1208 1224 1224 1209 1209 1202 1202 1216 1216 1217 1217 1209 1209 1225 1225 1210 1210 1203 1203 1217 1217 1218 1218 1215 1215 1229 1229 1230 1230 1222 1222 1238 1238 1223 1223 1216 1216 1230 1230 1231 1231 1223 1223 1239 1239 1224 1224 1217 1217 1231 1231 1232 1232 1224 1224 1240 1240 1225 1225 1218 1218 1232 1232 1233 1233 1225 1225 1241 1241 1226 1226 1219 1219 1233 1233 1234 1234 1212 1212 1069 1069 1227 1227 1076 1076 1226 1226 1241 1241 1219 1219 1235 1235 1220 1220 1213 1213 1227 1227 1228 1228 1220 1220 1236 1236 1221 1221 1214 1214 1228 1228 1229 1229 1221 1221 1237 1237 1222 1222 1234 1234 1248 1248 1249 1249 1227 1227 1069 1069 1242 1242 1076 1076 1241 1241 1256 1256 1234 1234 1250 1250 1235 1235 1228 1228 1242 1242 1243 1243 1235 1235 1251 1251 1236 1236 1229 1229 1243 1243 1244 1244 1236 1236 1252 1252 1237 1237 1230 1230 1244 1244 1245 1245 1237 1237 1253 1253 1238 1238 1231 1231 1245 1245 1246 1246 1238 1238 1254 1254 1239 1239 1232 1232 1246 1246 1247 1247 1239 1239 1255 1255 1240 1240 1233 1233 1247 1247 1248 1248 1240 1240 1256 1256 1241 1241 1252 1252 1268 1268 1253 1253 1246 1246 1260 1260 1261 1261 1253 1253 1269 1269 1254 1254 1247 1247 1261 1261 1262 1262 1254 1254 1270 1270 1255 1255 1248 1248 1262 1262 1263 1263 1255 1255 1271 1271 1256 1256 1249 1249 1263 1263 1264 1264 1242 1242 1069 1069 1257 1257 1076 1076 1256 1256 1271 1271 1249 1249 1265 1265 1250 1250 1243 1243 1257 1257 1258 1258 1250 1250 1266 1266 1251 1251 1244 1244 1258 1258 1259 1259 1251 1251 1267 1267 1252 1252 1245 1245 1259 1259 1260 1260 1076 1076 1271 1271 1286 1286 1264 1264 1280 1280 1265 1265 1258 1258 1272 1272 1273 1273 1265 1265 1281 1281 1266 1266 1259 1259 1273 1273 1274 1274 1266 1266 1282 1282 1267 1267 1260 1260 1274 1274 1275 1275 1267 1267 1283 1283 1268 1268 1261 1261 1275 1275 1276 1276 1268 1268 1284 1284 1269 1269 1262 1262 1276 1276 1277 1277 1269 1269 1285 1285 1270 1270 1263 1263 1277 1277 1278 1278 1270 1270 1286 1286 1271 1271 1264 1264 1278 1278 1279 1279 1257 1257 1069 1069 1272 1272 1283 1283 1299 1299 1284 1284 1277 1277 1291 1291 1292 1292 1284 1284 1300 1300 1285 1285 1278 1278 1292 1292 1293 1293 1285 1285 1301 1301 1286 1286 1279 1279 1293 1293 1294 1294 1272 1272 1069 1069 1287 1287 1076 1076 1286 1286 1301 1301 1279 1279 1295 1295 1280 1280 1273 1273 1287 1287 1288 1288 1280 1280 1296 1296 1281 1281 1274 1274 1288 1288 1289 1289 1281 1281 1297 1297 1282 1282 1275 1275 1289 1289 1290 1290 1282 1282 1298 1298 1283 1283 1276 1276 1290 1290 1291 1291 1288 1288 1302 1302 1303 1303 1295 1295 1311 1311 1296 1296 1289 1289 1303 1303 1304 1304 1296 1296 1312 1312 1297 1297 1290 1290 1304 1304 1305 1305 1297 1297 1313 1313 1298 1298 1291 1291 1305 1305 1306 1306 1298 1298 1314 1314 1299 1299 1292 1292 1306 1306 1307 1307 1299 1299 1315 1315 1300 1300 1293 1293 1307 1307 1308 1308 1300 1300 1316 1316 1301 1301 1294 1294 1308 1308 1309 1309 1287 1287 1069 1069 1302 1302 1076 1076 1301 1301 1316 1316 1294 1294 1310 1310 1295 1295 1306 1306 1322 1322 1307 1307 1315 1315 1329 1329 1330 1330 1307 1307 1323 1323 1308 1308 1316 1316 1330 1330 1331 1331 1308 1308 1324 1324 1309 1309 1302 1302 1069 1069 1317 1317 1076 1076 1316 1316 1331 1331 1310 1310 1324 1324 1325 1325 1302 1302 1318 1318 1303 1303 1311 1311 1325 1325 1326 1326 1303 1303 1319 1319 1304 1304 1312 1312 1326 1326 1327 1327 1304 1304 1320 1320 1305 1305 1313 1313 1327 1327 1328 1328 1305 1305 1321 1321 1306 1306 1314 1314 1328 1328 1329 1329 1326 1326 1340 1340 1341 1341 1318 1318 1334 1334 1319 1319 1327 1327 1341 1341 1342 1342 1319 1319 1335 1335 1320 1320 1328 1328 1342 1342 1343 1343 1320 1320 1336 1336 1321 1321 1329 1329 1343 1343 1344 1344 1321 1321 1337 1337 1322 1322 1330 1330 1344 1344 1345 1345 1322 1322 1338 1338 1323 1323 1331 1331 1345 1345 1346 1346 1323 1323 1339 1339 1324 1324 1317 1317 1069 1069 1332 1332 1076 1076 1331 1331 1346 1346 1325 1325 1339 1339 1340 1340 1317 1317 1333 1333 1318 1318 1345 1345 1359 1359 1360 1360 1337 1337 1353 1353 1338 1338 1346 1346 1360 1360 1361 1361 1338 1338 1354 1354 1339 1339 1332 1332 1069 1069 1347 1347 1076 1076 1346 1346 1361 1361 1340 1340 1354 1354 1355 1355 1332 1332 1348 1348 1333 1333 1341 1341 1355 1355 1356 1356 1333 1333 1349 1349 1334 1334 1342 1342 1356 1356 1357 1357 1334 1334 1350 1350 1335 1335 1343 1343 1357 1357 1358 1358 1335 1335 1351 1351 1336 1336 1344 1344 1358 1358 1359 1359 1336 1336 1352 1352 1337 1337 1348 1348 1364 1364 1349 1349 1357 1357 1371 1371 1372 1372 1349 1349 1365 1365 1350 1350 1358 1358 1372 1372 1373 1373 1350 1350 1366 1366 1351 1351 1359 1359 1373 1373 1374 1374 1351 1351 1367 1367 1352 1352 1360 1360 1374 1374 1375 1375 1352 1352 1368 1368 1353 1353 1361 1361 1375 1375 1376 1376 1353 1353 1369 1369 1354 1354 1347 1347 1069 1069 1362 1362 1076 1076 1361 1361 1376 1376 1355 1355 1369 1369 1370 1370 1347 1347 1363 1363 1348 1348 1356 1356 1370 1370 1371 1371 1367 1367 1383 1383 1368 1368 1376 1376 1390 1390 1391 1391 1368 1368 1384 1384 1369 1369 1362 1362 1069 1069 1377 1377 1076 1076 1376 1376 1391 1391 1370 1370 1384 1384 1385 1385 1362 1362 1378 1378 1363 1363 1371 1371 1385 1385 1386 1386 1363 1363 1379 1379 1364 1364 1372 1372 1386 1386 1387 1387 1364 1364 1380 1380 1365 1365 1373 1373 1387 1387 1388 1388 1365 1365 1381 1381 1366 1366 1374 1374 1388 1388 1389 1389 1366 1366 1382 1382 1367 1367 1375 1375 1389 1389 1390 1390 1387 1387 1401 1401 1402 1402 1379 1379 1395 1395 1380 1380 1388 1388 1402 1402 1403 1403 1380 1380 1396 1396 1381 1381 1389 1389 1403 1403 1404 1404 1381 1381 1397 1397 1382 1382 1390 1390 1404 1404 1405 1405 1382 1382 1398 1398 1383 1383 1391 1391 1405 1405 1406 1406 1383 1383 1399 1399 1384 1384 1377 1377 1069 1069 1392 1392 1076 1076 1391 1391 1406 1406 1385 1385 1399 1399 1400 1400 1377 1377 1393 1393 1378 1378 1386 1386 1400 1400 1401 1401 1378 1378 1394 1394 1379 1379 1406 1406 1420 1420 1421 1421 1398 1398 1414 1414 1399 1399 1392 1392 1069 1069 1407 1407 1076 1076 1406 1406 1421 1421 1400 1400 1414 1414 1415 1415 1392 1392 1408 1408 1393 1393 1401 1401 1415 1415 1416 1416 1393 1393 1409 1409 1394 1394 1402 1402 1416 1416 1417 1417 1394 1394 1410 1410 1395 1395 1403 1403 1417 1417 1418 1418 1395 1395 1411 1411 1396 1396 1404 1404 1418 1418 1419 1419 1396 1396 1412 1412 1397 1397 1405 1405 1419 1419 1420 1420 1397 1397 1413 1413 1398 1398 1418 1418 1432 1432 1433 1433 1410 1410 1426 1426 1411 1411 1419 1419 1433 1433 1434 1434 1411 1411 1427 1427 1412 1412 1420 1420 1434 1434 1435 1435 1412 1412 1428 1428 1413 1413 1421 1421 1435 1435 1436 1436 1413 1413 1429 1429 1414 1414 1407 1407 1069 1069 1422 1422 1076 1076 1421 1421 1436 1436 1415 1415 1429 1429 1430 1430 1407 1407 1423 1423 1408 1408 1416 1416 1430 1430 1431 1431 1408 1408 1424 1424 1409 1409 1417 1417 1431 1431 1432 1432 1409 1409 1425 1425 1410 1410 1422 1422 1069 1069 1437 1437 1076 1076 1436 1436 1451 1451 1429 1429 1445 1445 1430 1430 1423 1423 1437 1437 1438 1438 1430 1430 1446 1446 1431 1431 1424 1424 1438 1438 1439 1439 1431 1431 1447 1447 1432 1432 1425 1425 1439 1439 1440 1440 1432 1432 1448 1448 1433 1433 1426 1426 1440 1440 1441 1441 1433 1433 1449 1449 1434 1434 1427 1427 1441 1441 1442 1442 1434 1434 1450 1450 1435 1435 1428 1428 1442 1442 1443 1443 1435 1435 1451 1451 1436 1436 1429 1429 1443 1443 1444 1444 1441 1441 1455 1455 1456 1456 1448 1448 1464 1464 1449 1449 1442 1442 1456 1456 1457 1457 1449 1449 1465 1465 1450 1450 1443 1443 1457 1457 1458 1458 1450 1450 1466 1466 1451 1451 1444 1444 1458 1458 1459 1459 1437 1437 1069 1069 1452 1452 1076 1076 1451 1451 1466 1466 1444 1444 1460 1460 1445 1445 1438 1438 1452 1452 1453 1453 1445 1445 1461 1461 1446 1446 1439 1439 1453 1453 1454 1454 1446 1446 1462 1462 1447 1447 1440 1440 1454 1454 1455 1455 1447 1447 1463 1463 1448 1448 1459 1459 1475 1475 1460 1460 1453 1453 1467 1467 1468 1468 1460 1460 1476 1476 1461 1461 1454 1454 1468 1468 1469 1469 1461 1461 1477 1477 1462 1462 1455 1455 1469 1469 1470 1470 1462 1462 1478 1478 1463 1463 1456 1456 1470 1470 1471 1471 1463 1463 1479 1479 1464 1464 1457 1457 1471 1471 1472 1472 1464 1464 1480 1480 1465 1465 1458 1458 1472 1472 1473 1473 1465 1465 1481 1481 1466 1466 1459 1459 1473 1473 1474 1474 1452 1452 1069 1069 1467 1467 1076 1076 1466 1466 1481 1481 1478 1478 1494 1494 1479 1479 1472 1472 1486 1486 1487 1487 1479 1479 1495 1495 1480 1480 1473 1473 1487 1487 1488 1488 1480 1480 1496 1496 1481 1481 1474 1474 1488 1488 1489 1489 1467 1467 1069 1069 1482 1482 1076 1076 1481 1481 1496 1496 1474 1474 1490 1490 1475 1475 1468 1468 1482 1482 1483 1483 1475 1475 1491 1491 1476 1476 1469 1469 1483 1483 1484 1484 1476 1476 1492 1492 1477 1477 1470 1470 1484 1484 1485 1485 1477 1477 1493 1493 1478 1478 1471 1471 1485 1485 1486 1486 1483 1483 1497 1497 1498 1498 1490 1490 1506 1506 1491 1491 1484 1484 1498 1498 1499 1499 1491 1491 1507 1507 1492 1492 1485 1485 1499 1499 1500 1500 1492 1492 1508 1508 1493 1493 1486 1486 1500 1500 1501 1501 1493 1493 1509 1509 1494 1494 1487 1487 1501 1501 1502 1502 1494 1494 1510 1510 1495 1495 1488 1488 1502 1502 1503 1503 1495 1495 1511 1511 1496 1496 1489 1489 1503 1503 1504 1504 1482 1482 1069 1069 1497 1497 1076 1076 1496 1496 1511 1511 1489 1489 1505 1505 1490 1490 1502 1502 1516 1516 1517 1517 1509 1509 1525 1525 1510 1510 1503 1503 1517 1517 1518 1518 1510 1510 1526 1526 1511 1511 1504 1504 1518 1518 1519 1519 1497 1497 1069 1069 1512 1512 1076 1076 1511 1511 1526 1526 1504 1504 1520 1520 1505 1505 1498 1498 1512 1512 1513 1513 1505 1505 1521 1521 1506 1506 1499 1499 1513 1513 1514 1514 1506 1506 1522 1522 1507 1507 1500 1500 1514 1514 1515 1515 1507 1507 1523 1523 1508 1508 1501 1501 1515 1515 1516 1516 1508 1508 1524 1524 1509 1509 1520 1520 1536 1536 1521 1521 1514 1514 1528 1528 1529 1529 1521 1521 1537 1537 1522 1522 1515 1515 1529 1529 1530 1530 1522 1522 1538 1538 1523 1523 1516 1516 1530 1530 1531 1531 1523 1523 1539 1539 1524 1524 1517 1517 1531 1531 1532 1532 1524 1524 1540 1540 1525 1525 1518 1518 1532 1532 1533 1533 1525 1525 1541 1541 1526 1526 1519 1519 1533 1533 1534 1534 1512 1512 1069 1069 1527 1527 1076 1076 1526 1526 1541 1541 1519 1519 1535 1535 1520 1520 1513 1513 1527 1527 1528 1528 1539 1539 1549 1549 1540 1540 1533 1533 1545 1545 1072 1072 1540 1540 1550 1550 1541 1541 1534 1534 1072 1072 1073 1073 1527 1527 1069 1069 1542 1542 1076 1076 1541 1541 1550 1550 1534 1534 1074 1074 1535 1535 1528 1528 1542 1542 1543 1543 1535 1535 1546 1546 1536 1536 1529 1529 1543 1543 1070 1070 1536 1536 1075 1075 1537 1537 1530 1530 1070 1070 1544 1544 1537 1537 1547 1547 1538 1538 1531 1531 1544 1544 1071 1071 1538 1538 1548 1548 1539 1539 1532 1532 1071 1071 1545 1545 503 503 504 504 502 502 507 507 508 508 504 504 507 507 505 505 506 506 505 505 501 501 502 502 501 501 505 505 507 507 506 506 502 502 504 504 510 510 512 512 511 511 1549 1549 1548 1548 1089 1089 1545 1545 1082 1082 1083 1083 1550 1550 1549 1549 1090 1090 1072 1072 1083 1083 1084 1084 1074 1074 1073 1073 1084 1084 1542 1542 1077 1077 1078 1078 1546 1546 1074 1074 1085 1085 1543 1543 1078 1078 1079 1079 1075 1075 1546 1546 1086 1086 1070 1070 1079 1079 1080 1080 1547 1547 1075 1075 1087 1087 1544 1544 1080 1080 1081 1081 1548 1548 1547 1547 1088 1088 1071 1071 1081 1081 1082 1082 1080 1080 1095 1095 1096 1096 1089 1089 1088 1088 1103 1103 1081 1081 1096 1096 1097 1097 1090 1090 1089 1089 1104 1104 1082 1082 1097 1097 1098 1098 1091 1091 1090 1090 1105 1105 1083 1083 1098 1098 1099 1099 1085 1085 1084 1084 1099 1099 1077 1077 1092 1092 1093 1093 1086 1086 1085 1085 1100 1100 1078 1078 1093 1093 1094 1094 1087 1087 1086 1086 1101 1101 1079 1079 1094 1094 1095 1095 1088 1088 1087 1087 1102 1102 1100 1100 1099 1099 1114 1114 1092 1092 1107 1107 1108 1108 1101 1101 1100 1100 1115 1115 1093 1093 1108 1108 1109 1109 1102 1102 1101 1101 1116 1116 1094 1094 1109 1109 1110 1110 1103 1103 1102 1102 1117 1117 1095 1095 1110 1110 1111 1111 1104 1104 1103 1103 1118 1118 1096 1096 1111 1111 1112 1112 1105 1105 1104 1104 1119 1119 1097 1097 1112 1112 1113 1113 1106 1106 1105 1105 1120 1120 1098 1098 1113 1113 1114 1114 1119 1119 1118 1118 1133 1133 1111 1111 1126 1126 1127 1127 1120 1120 1119 1119 1134 1134 1112 1112 1127 1127 1128 1128 1121 1121 1120 1120 1135 1135 1113 1113 1128 1128 1129 1129 1115 1115 1114 1114 1129 1129 1107 1107 1122 1122 1123 1123 1116 1116 1115 1115 1130 1130 1108 1108 1123 1123 1124 1124 1117 1117 1116 1116 1131 1131 1109 1109 1124 1124 1125 1125 1118 1118 1117 1117 1132 1132 1110 1110 1125 1125 1126 1126 1131 1131 1130 1130 1145 1145 1123 1123 1138 1138 1139 1139 1132 1132 1131 1131 1146 1146 1124 1124 1139 1139 1140 1140 1133 1133 1132 1132 1147 1147 1125 1125 1140 1140 1141 1141 1134 1134 1133 1133 1148 1148 1126 1126 1141 1141 1142 1142 1135 1135 1134 1134 1149 1149 1127 1127 1142 1142 1143 1143 1136 1136 1135 1135 1150 1150 1128 1128 1143 1143 1144 1144 1130 1130 1129 1129 1144 1144 1122 1122 1137 1137 1138 1138 1150 1150 1149 1149 1164 1164 1142 1142 1157 1157 1158 1158 1151 1151 1150 1150 1165 1165 1143 1143 1158 1158 1159 1159 1145 1145 1144 1144 1159 1159 1137 1137 1152 1152 1153 1153 1146 1146 1145 1145 1160 1160 1138 1138 1153 1153 1154 1154 1147 1147 1146 1146 1161 1161 1139 1139 1154 1154 1155 1155 1148 1148 1147 1147 1162 1162 1140 1140 1155 1155 1156 1156 1149 1149 1148 1148 1163 1163 1141 1141 1156 1156 1157 1157 1153 1153 1168 1168 1169 1169 1162 1162 1161 1161 1176 1176 1154 1154 1169 1169 1170 1170 1163 1163 1162 1162 1177 1177 1155 1155 1170 1170 1171 1171 1164 1164 1163 1163 1178 1178 1156 1156 1171 1171 1172 1172 1165 1165 1164 1164 1179 1179 1157 1157 1172 1172 1173 1173 1166 1166 1165 1165 1180 1180 1158 1158 1173 1173 1174 1174 1160 1160 1159 1159 1174 1174 1152 1152 1167 1167 1168 1168 1161 1161 1160 1160 1175 1175 1172 1172 1187 1187 1188 1188 1181 1181 1180 1180 1195 1195 1173 1173 1188 1188 1189 1189 1175 1175 1174 1174 1189 1189 1167 1167 1182 1182 1183 1183 1176 1176 1175 1175 1190 1190 1168 1168 1183 1183 1184 1184 1177 1177 1176 1176 1191 1191 1169 1169 1184 1184 1185 1185 1178 1178 1177 1177 1192 1192 1170 1170 1185 1185 1186 1186 1179 1179 1178 1178 1193 1193 1171 1171 1186 1186 1187 1187 1180 1180 1179 1179 1194 1194 1191 1191 1206 1206 1207 1207 1185 1185 1184 1184 1199 1199 1192 1192 1207 1207 1208 1208 1186 1186 1185 1185 1200 1200 1193 1193 1208 1208 1209 1209 1187 1187 1186 1186 1201 1201 1194 1194 1209 1209 1210 1210 1188 1188 1187 1187 1202 1202 1195 1195 1210 1210 1211 1211 1189 1189 1188 1188 1203 1203 1189 1189 1204 1204 1205 1205 1183 1183 1182 1182 1197 1197 1190 1190 1205 1205 1206 1206 1184 1184 1183 1183 1198 1198 1210 1210 1225 1225 1226 1226 1204 1204 1203 1203 1218 1218 1204 1204 1219 1219 1220 1220 1198 1198 1197 1197 1212 1212 1205 1205 1220 1220 1221 1221 1199 1199 1198 1198 1213 1213 1206 1206 1221 1221 1222 1222 1200 1200 1199 1199 1214 1214 1207 1207 1222 1222 1223 1223 1201 1201 1200 1200 1215 1215 1208 1208 1223 1223 1224 1224 1202 1202 1201 1201 1216 1216 1209 1209 1224 1224 1225 1225 1203 1203 1202 1202 1217 1217 1215 1215 1214 1214 1229 1229 1222 1222 1237 1237 1238 1238 1216 1216 1215 1215 1230 1230 1223 1223 1238 1238 1239 1239 1217 1217 1216 1216 1231 1231 1224 1224 1239 1239 1240 1240 1218 1218 1217 1217 1232 1232 1225 1225 1240 1240 1241 1241 1219 1219 1218 1218 1233 1233 1219 1219 1234 1234 1235 1235 1213 1213 1212 1212 1227 1227 1220 1220 1235 1235 1236 1236 1214 1214 1213 1213 1228 1228 1221 1221 1236 1236 1237 1237 1234 1234 1233 1233 1248 1248 1234 1234 1249 1249 1250 1250 1228 1228 1227 1227 1242 1242 1235 1235 1250 1250 1251 1251 1229 1229 1228 1228 1243 1243 1236 1236 1251 1251 1252 1252 1230 1230 1229 1229 1244 1244 1237 1237 1252 1252 1253 1253 1231 1231 1230 1230 1245 1245 1238 1238 1253 1253 1254 1254 1232 1232 1231 1231 1246 1246 1239 1239 1254 1254 1255 1255 1233 1233 1232 1232 1247 1247 1240 1240 1255 1255 1256 1256 1252 1252 1267 1267 1268 1268 1246 1246 1245 1245 1260 1260 1253 1253 1268 1268 1269 1269 1247 1247 1246 1246 1261 1261 1254 1254 1269 1269 1270 1270 1248 1248 1247 1247 1262 1262 1255 1255 1270 1270 1271 1271 1249 1249 1248 1248 1263 1263 1249 1249 1264 1264 1265 1265 1243 1243 1242 1242 1257 1257 1250 1250 1265 1265 1266 1266 1244 1244 1243 1243 1258 1258 1251 1251 1266 1266 1267 1267 1245 1245 1244 1244 1259 1259 1264 1264 1279 1279 1280 1280 1258 1258 1257 1257 1272 1272 1265 1265 1280 1280 1281 1281 1259 1259 1258 1258 1273 1273 1266 1266 1281 1281 1282 1282 1260 1260 1259 1259 1274 1274 1267 1267 1282 1282 1283 1283 1261 1261 1260 1260 1275 1275 1268 1268 1283 1283 1284 1284 1262 1262 1261 1261 1276 1276 1269 1269 1284 1284 1285 1285 1263 1263 1262 1262 1277 1277 1270 1270 1285 1285 1286 1286 1264 1264 1263 1263 1278 1278 1283 1283 1298 1298 1299 1299 1277 1277 1276 1276 1291 1291 1284 1284 1299 1299 1300 1300 1278 1278 1277 1277 1292 1292 1285 1285 1300 1300 1301 1301 1279 1279 1278 1278 1293 1293 1279 1279 1294 1294 1295 1295 1273 1273 1272 1272 1287 1287 1280 1280 1295 1295 1296 1296 1274 1274 1273 1273 1288 1288 1281 1281 1296 1296 1297 1297 1275 1275 1274 1274 1289 1289 1282 1282 1297 1297 1298 1298 1276 1276 1275 1275 1290 1290 1288 1288 1287 1287 1302 1302 1295 1295 1310 1310 1311 1311 1289 1289 1288 1288 1303 1303 1296 1296 1311 1311 1312 1312 1290 1290 1289 1289 1304 1304 1297 1297 1312 1312 1313 1313 1291 1291 1290 1290 1305 1305 1298 1298 1313 1313 1314 1314 1292 1292 1291 1291 1306 1306 1299 1299 1314 1314 1315 1315 1293 1293 1292 1292 1307 1307 1300 1300 1315 1315 1316 1316 1294 1294 1293 1293 1308 1308 1294 1294 1309 1309 1310 1310 1306 1306 1321 1321 1322 1322 1315 1315 1314 1314 1329 1329 1307 1307 1322 1322 1323 1323 1316 1316 1315 1315 1330 1330 1308 1308 1323 1323 1324 1324 1310 1310 1309 1309 1324 1324 1302 1302 1317 1317 1318 1318 1311 1311 1310 1310 1325 1325 1303 1303 1318 1318 1319 1319 1312 1312 1311 1311 1326 1326 1304 1304 1319 1319 1320 1320 1313 1313 1312 1312 1327 1327 1305 1305 1320 1320 1321 1321 1314 1314 1313 1313 1328 1328 1326 1326 1325 1325 1340 1340 1318 1318 1333 1333 1334 1334 1327 1327 1326 1326 1341 1341 1319 1319 1334 1334 1335 1335 1328 1328 1327 1327 1342 1342 1320 1320 1335 1335 1336 1336 1329 1329 1328 1328 1343 1343 1321 1321 1336 1336 1337 1337 1330 1330 1329 1329 1344 1344 1322 1322 1337 1337 1338 1338 1331 1331 1330 1330 1345 1345 1323 1323 1338 1338 1339 1339 1325 1325 1324 1324 1339 1339 1317 1317 1332 1332 1333 1333 1345 1345 1344 1344 1359 1359 1337 1337 1352 1352 1353 1353 1346 1346 1345 1345 1360 1360 1338 1338 1353 1353 1354 1354 1340 1340 1339 1339 1354 1354 1332 1332 1347 1347 1348 1348 1341 1341 1340 1340 1355 1355 1333 1333 1348 1348 1349 1349 1342 1342 1341 1341 1356 1356 1334 1334 1349 1349 1350 1350 1343 1343 1342 1342 1357 1357 1335 1335 1350 1350 1351 1351 1344 1344 1343 1343 1358 1358 1336 1336 1351 1351 1352 1352 1348 1348 1363 1363 1364 1364 1357 1357 1356 1356 1371 1371 1349 1349 1364 1364 1365 1365 1358 1358 1357 1357 1372 1372 1350 1350 1365 1365 1366 1366 1359 1359 1358 1358 1373 1373 1351 1351 1366 1366 1367 1367 1360 1360 1359 1359 1374 1374 1352 1352 1367 1367 1368 1368 1361 1361 1360 1360 1375 1375 1353 1353 1368 1368 1369 1369 1355 1355 1354 1354 1369 1369 1347 1347 1362 1362 1363 1363 1356 1356 1355 1355 1370 1370 1367 1367 1382 1382 1383 1383 1376 1376 1375 1375 1390 1390 1368 1368 1383 1383 1384 1384 1370 1370 1369 1369 1384 1384 1362 1362 1377 1377 1378 1378 1371 1371 1370 1370 1385 1385 1363 1363 1378 1378 1379 1379 1372 1372 1371 1371 1386 1386 1364 1364 1379 1379 1380 1380 1373 1373 1372 1372 1387 1387 1365 1365 1380 1380 1381 1381 1374 1374 1373 1373 1388 1388 1366 1366 1381 1381 1382 1382 1375 1375 1374 1374 1389 1389 1387 1387 1386 1386 1401 1401 1379 1379 1394 1394 1395 1395 1388 1388 1387 1387 1402 1402 1380 1380 1395 1395 1396 1396 1389 1389 1388 1388 1403 1403 1381 1381 1396 1396 1397 1397 1390 1390 1389 1389 1404 1404 1382 1382 1397 1397 1398 1398 1391 1391 1390 1390 1405 1405 1383 1383 1398 1398 1399 1399 1385 1385 1384 1384 1399 1399 1377 1377 1392 1392 1393 1393 1386 1386 1385 1385 1400 1400 1378 1378 1393 1393 1394 1394 1406 1406 1405 1405 1420 1420 1398 1398 1413 1413 1414 1414 1400 1400 1399 1399 1414 1414 1392 1392 1407 1407 1408 1408 1401 1401 1400 1400 1415 1415 1393 1393 1408 1408 1409 1409 1402 1402 1401 1401 1416 1416 1394 1394 1409 1409 1410 1410 1403 1403 1402 1402 1417 1417 1395 1395 1410 1410 1411 1411 1404 1404 1403 1403 1418 1418 1396 1396 1411 1411 1412 1412 1405 1405 1404 1404 1419 1419 1397 1397 1412 1412 1413 1413 1418 1418 1417 1417 1432 1432 1410 1410 1425 1425 1426 1426 1419 1419 1418 1418 1433 1433 1411 1411 1426 1426 1427 1427 1420 1420 1419 1419 1434 1434 1412 1412 1427 1427 1428 1428 1421 1421 1420 1420 1435 1435 1413 1413 1428 1428 1429 1429 1415 1415 1414 1414 1429 1429 1407 1407 1422 1422 1423 1423 1416 1416 1415 1415 1430 1430 1408 1408 1423 1423 1424 1424 1417 1417 1416 1416 1431 1431 1409 1409 1424 1424 1425 1425 1429 1429 1444 1444 1445 1445 1423 1423 1422 1422 1437 1437 1430 1430 1445 1445 1446 1446 1424 1424 1423 1423 1438 1438 1431 1431 1446 1446 1447 1447 1425 1425 1424 1424 1439 1439 1432 1432 1447 1447 1448 1448 1426 1426 1425 1425 1440 1440 1433 1433 1448 1448 1449 1449 1427 1427 1426 1426 1441 1441 1434 1434 1449 1449 1450 1450 1428 1428 1427 1427 1442 1442 1435 1435 1450 1450 1451 1451 1429 1429 1428 1428 1443 1443 1441 1441 1440 1440 1455 1455 1448 1448 1463 1463 1464 1464 1442 1442 1441 1441 1456 1456 1449 1449 1464 1464 1465 1465 1443 1443 1442 1442 1457 1457 1450 1450 1465 1465 1466 1466 1444 1444 1443 1443 1458 1458 1444 1444 1459 1459 1460 1460 1438 1438 1437 1437 1452 1452 1445 1445 1460 1460 1461 1461 1439 1439 1438 1438 1453 1453 1446 1446 1461 1461 1462 1462 1440 1440 1439 1439 1454 1454 1447 1447 1462 1462 1463 1463 1459 1459 1474 1474 1475 1475 1453 1453 1452 1452 1467 1467 1460 1460 1475 1475 1476 1476 1454 1454 1453 1453 1468 1468 1461 1461 1476 1476 1477 1477 1455 1455 1454 1454 1469 1469 1462 1462 1477 1477 1478 1478 1456 1456 1455 1455 1470 1470 1463 1463 1478 1478 1479 1479 1457 1457 1456 1456 1471 1471 1464 1464 1479 1479 1480 1480 1458 1458 1457 1457 1472 1472 1465 1465 1480 1480 1481 1481 1459 1459 1458 1458 1473 1473 1478 1478 1493 1493 1494 1494 1472 1472 1471 1471 1486 1486 1479 1479 1494 1494 1495 1495 1473 1473 1472 1472 1487 1487 1480 1480 1495 1495 1496 1496 1474 1474 1473 1473 1488 1488 1474 1474 1489 1489 1490 1490 1468 1468 1467 1467 1482 1482 1475 1475 1490 1490 1491 1491 1469 1469 1468 1468 1483 1483 1476 1476 1491 1491 1492 1492 1470 1470 1469 1469 1484 1484 1477 1477 1492 1492 1493 1493 1471 1471 1470 1470 1485 1485 1483 1483 1482 1482 1497 1497 1490 1490 1505 1505 1506 1506 1484 1484 1483 1483 1498 1498 1491 1491 1506 1506 1507 1507 1485 1485 1484 1484 1499 1499 1492 1492 1507 1507 1508 1508 1486 1486 1485 1485 1500 1500 1493 1493 1508 1508 1509 1509 1487 1487 1486 1486 1501 1501 1494 1494 1509 1509 1510 1510 1488 1488 1487 1487 1502 1502 1495 1495 1510 1510 1511 1511 1489 1489 1488 1488 1503 1503 1489 1489 1504 1504 1505 1505 1502 1502 1501 1501 1516 1516 1509 1509 1524 1524 1525 1525 1503 1503 1502 1502 1517 1517 1510 1510 1525 1525 1526 1526 1504 1504 1503 1503 1518 1518 1504 1504 1519 1519 1520 1520 1498 1498 1497 1497 1512 1512 1505 1505 1520 1520 1521 1521 1499 1499 1498 1498 1513 1513 1506 1506 1521 1521 1522 1522 1500 1500 1499 1499 1514 1514 1507 1507 1522 1522 1523 1523 1501 1501 1500 1500 1515 1515 1508 1508 1523 1523 1524 1524 1520 1520 1535 1535 1536 1536 1514 1514 1513 1513 1528 1528 1521 1521 1536 1536 1537 1537 1515 1515 1514 1514 1529 1529 1522 1522 1537 1537 1538 1538 1516 1516 1515 1515 1530 1530 1523 1523 1538 1538 1539 1539 1517 1517 1516 1516 1531 1531 1524 1524 1539 1539 1540 1540 1518 1518 1517 1517 1532 1532 1525 1525 1540 1540 1541 1541 1519 1519 1518 1518 1533 1533 1519 1519 1534 1534 1535 1535 1513 1513 1512 1512 1527 1527 1539 1539 1548 1548 1549 1549 1533 1533 1532 1532 1545 1545 1540 1540 1549 1549 1550 1550 1534 1534 1533 1533 1072 1072 1534 1534 1073 1073 1074 1074 1528 1528 1527 1527 1542 1542 1535 1535 1074 1074 1546 1546 1529 1529 1528 1528 1543 1543 1536 1536 1546 1546 1075 1075 1530 1530 1529 1529 1070 1070 1537 1537 1075 1075 1547 1547 1531 1531 1530 1530 1544 1544 1538 1538 1547 1547 1548 1548 1532 1532 1531 1531 1071 1071 514 514 515 515 513 513 516 516 519 519 515 515 520 520 517 517 519 519 518 518 513 513 517 517 519 519 513 513 515 515 516 516 518 518 520 520 514 514 516 516 515 515 516 516 520 520 519 519 520 520 518 518 517 517 518 518 514 514 513 513 519 519 517 517 513 513 516 516 514 514 518 518 997 997 533 533 534 534 1000 1000 542 542 1001 1001 524 524 534 534 535 535 1001 1001 543 543 1002 1002 525 525 535 535 536 536 994 994 521 521 529 529 528 528 1002 1002 543 543 525 525 537 537 526 526 995 995 529 529 530 530 526 526 538 538 998 998 522 522 530 530 531 531 998 998 539 539 527 527 996 996 531 531 532 532 527 527 540 540 999 999 523 523 532 532 533 533 999 999 541 541 1000 1000 533 533 547 547 548 548 540 540 556 556 541 541 534 534 548 548 549 549 541 541 557 557 542 542 535 535 549 549 550 550 542 542 558 558 543 543 536 536 550 550 551 551 529 529 521 521 544 544 528 528 543 543 558 558 536 536 552 552 537 537 530 530 544 544 545 545 537 537 553 553 538 538 531 531 545 545 546 546 538 538 554 554 539 539 532 532 546 546 547 547 539 539 555 555 540 540 551 551 567 567 552 552 545 545 559 559 560 560 552 552 568 568 553 553 546 546 560 560 561 561 553 553 569 569 554 554 547 547 561 561 562 562 554 554 570 570 555 555 548 548 562 562 563 563 555 555 571 571 556 556 549 549 563 563 564 564 556 556 572 572 557 557 550 550 564 564 565 565 557 557 573 573 558 558 551 551 565 565 566 566 544 544 521 521 559 559 528 528 558 558 573 573 570 570 586 586 571 571 564 564 578 578 579 579 571 571 587 587 572 572 565 565 579 579 580 580 572 572 588 588 573 573 566 566 580 580 581 581 559 559 521 521 574 574 528 528 573 573 588 588 566 566 582 582 567 567 560 560 574 574 575 575 567 567 583 583 568 568 561 561 575 575 576 576 568 568 584 584 569 569 562 562 576 576 577 577 569 569 585 585 570 570 563 563 577 577 578 578 575 575 589 589 590 590 582 582 598 598 583 583 576 576 590 590 591 591 583 583 599 599 584 584 577 577 591 591 592 592 584 584 600 600 585 585 578 578 592 592 593 593 585 585 601 601 586 586 579 579 593 593 594 594 586 586 602 602 587 587 580 580 594 594 595 595 587 587 603 603 588 588 581 581 595 595 596 596 574 574 521 521 589 589 528 528 588 588 603 603 581 581 597 597 582 582 594 594 608 608 609 609 601 601 617 617 602 602 595 595 609 609 610 610 602 602 618 618 603 603 596 596 610 610 611 611 589 589 521 521 604 604 528 528 603 603 618 618 596 596 612 612 597 597 590 590 604 604 605 605 597 597 613 613 598 598 591 591 605 605 606 606 598 598 614 614 599 599 592 592 606 606 607 607 599 599 615 615 600 600 593 593 607 607 608 608 600 600 616 616 601 601 612 612 628 628 613 613 606 606 620 620 621 621 613 613 629 629 614 614 607 607 621 621 622 622 614 614 630 630 615 615 608 608 622 622 623 623 615 615 631 631 616 616 609 609 623 623 624 624 616 616 632 632 617 617 610 610 624 624 625 625 617 617 633 633 618 618 611 611 625 625 626 626 604 604 521 521 619 619 528 528 618 618 633 633 611 611 627 627 612 612 605 605 619 619 620 620 631 631 647 647 632 632 625 625 639 639 640 640 632 632 648 648 633 633 626 626 640 640 641 641 619 619 521 521 634 634 528 528 633 633 648 648 626 626 642 642 627 627 620 620 634 634 635 635 627 627 643 643 628 628 621 621 635 635 636 636 628 628 644 644 629 629 622 622 636 636 637 637 629 629 645 645 630 630 623 623 637 637 638 638 630 630 646 646 631 631 624 624 638 638 639 639 644 644 658 658 659 659 636 636 652 652 637 637 645 645 659 659 660 660 637 637 653 653 638 638 646 646 660 660 661 661 638 638 654 654 639 639 647 647 661 661 662 662 639 639 655 655 640 640 648 648 662 662 663 663 640 640 656 656 641 641 634 634 521 521 649 649 528 528 648 648 663 663 642 642 656 656 657 657 634 634 650 650 635 635 643 643 657 657 658 658 635 635 651 651 636 636 663 663 677 677 678 678 655 655 671 671 656 656 649 649 521 521 664 664 528 528 663 663 678 678 657 657 671 671 672 672 649 649 665 665 650 650 658 658 672 672 673 673 650 650 666 666 651 651 659 659 673 673 674 674 651 651 667 667 652 652 660 660 674 674 675 675 652 652 668 668 653 653 661 661 675 675 676 676 653 653 669 669 654 654 662 662 676 676 677 677 654 654 670 670 655 655 666 666 682 682 667 667 675 675 689 689 690 690 667 667 683 683 668 668 676 676 690 690 691 691 668 668 684 684 669 669 677 677 691 691 692 692 669 669 685 685 670 670 678 678 692 692 693 693 670 670 686 686 671 671 664 664 521 521 679 679 528 528 678 678 693 693 672 672 686 686 687 687 664 664 680 680 665 665 673 673 687 687 688 688 665 665 681 681 666 666 674 674 688 688 689 689 685 685 701 701 686 686 679 679 521 521 694 694 528 528 693 693 708 708 687 687 701 701 702 702 679 679 695 695 680 680 688 688 702 702 703 703 680 680 696 696 681 681 689 689 703 703 704 704 681 681 697 697 682 682 690 690 704 704 705 705 682 682 698 698 683 683 691 691 705 705 706 706 683 683 699 699 684 684 692 692 706 706 707 707 684 684 700 700 685 685 693 693 707 707 708 708 705 705 719 719 720 720 697 697 713 713 698 698 706 706 720 720 721 721 698 698 714 714 699 699 707 707 721 721 722 722 699 699 715 715 700 700 708 708 722 722 723 723 700 700 716 716 701 701 694 694 521 521 709 709 528 528 708 708 723 723 702 702 716 716 717 717 694 694 710 710 695 695 703 703 717 717 718 718 695 695 711 711 696 696 704 704 718 718 719 719 696 696 712 712 697 697 709 709 521 521 724 724 528 528 723 723 738 738 717 717 731 731 732 732 709 709 725 725 710 710 718 718 732 732 733 733 710 710 726 726 711 711 719 719 733 733 734 734 711 711 727 727 712 712 720 720 734 734 735 735 712 712 728 728 713 713 721 721 735 735 736 736 713 713 729 729 714 714 722 722 736 736 737 737 714 714 730 730 715 715 723 723 737 737 738 738 715 715 731 731 716 716 727 727 743 743 728 728 736 736 750 750 751 751 728 728 744 744 729 729 737 737 751 751 752 752 729 729 745 745 730 730 738 738 752 752 753 753 730 730 746 746 731 731 724 724 521 521 739 739 528 528 738 738 753 753 732 732 746 746 747 747 724 724 740 740 725 725 733 733 747 747 748 748 725 725 741 741 726 726 734 734 748 748 749 749 726 726 742 742 727 727 735 735 749 749 750 750 747 747 761 761 762 762 739 739 755 755 740 740 748 748 762 762 763 763 740 740 756 756 741 741 749 749 763 763 764 764 741 741 757 757 742 742 750 750 764 764 765 765 742 742 758 758 743 743 751 751 765 765 766 766 743 743 759 759 744 744 752 752 766 766 767 767 744 744 760 760 745 745 753 753 767 767 768 768 745 745 761 761 746 746 739 739 521 521 754 754 528 528 753 753 768 768 765 765 781 781 766 766 759 759 773 773 774 774 766 766 782 782 767 767 760 760 774 774 775 775 767 767 783 783 768 768 761 761 775 775 776 776 754 754 521 521 769 769 528 528 768 768 783 783 761 761 777 777 762 762 755 755 769 769 770 770 762 762 778 778 763 763 756 756 770 770 771 771 763 763 779 779 764 764 757 757 771 771 772 772 764 764 780 780 765 765 758 758 772 772 773 773 777 777 793 793 778 778 771 771 785 785 786 786 778 778 794 794 779 779 772 772 786 786 787 787 779 779 795 795 780 780 773 773 787 787 788 788 780 780 796 796 781 781 774 774 788 788 789 789 781 781 797 797 782 782 775 775 789 789 790 790 782 782 798 798 783 783 776 776 790 790 791 791 769 769 521 521 784 784 528 528 783 783 798 798 776 776 792 792 777 777 770 770 784 784 785 785 796 796 812 812 797 797 790 790 804 804 805 805 797 797 813 813 798 798 791 791 805 805 806 806 784 784 521 521 799 799 528 528 798 798 813 813 791 791 807 807 792 792 785 785 799 799 800 800 792 792 808 808 793 793 786 786 800 800 801 801 793 793 809 809 794 794 787 787 801 801 802 802 794 794 810 810 795 795 788 788 802 802 803 803 795 795 811 811 796 796 789 789 803 803 804 804 801 801 815 815 816 816 808 808 824 824 809 809 802 802 816 816 817 817 809 809 825 825 810 810 803 803 817 817 818 818 810 810 826 826 811 811 804 804 818 818 819 819 811 811 827 827 812 812 805 805 819 819 820 820 812 812 828 828 813 813 806 806 820 820 821 821 799 799 521 521 814 814 528 528 813 813 828 828 806 806 822 822 807 807 800 800 814 814 815 815 807 807 823 823 808 808 820 820 834 834 835 835 827 827 843 843 828 828 821 821 835 835 836 836 814 814 521 521 829 829 528 528 828 828 843 843 821 821 837 837 822 822 815 815 829 829 830 830 822 822 838 838 823 823 816 816 830 830 831 831 823 823 839 839 824 824 817 817 831 831 832 832 824 824 840 840 825 825 818 818 832 832 833 833 825 825 841 841 826 826 819 819 833 833 834 834 826 826 842 842 827 827 838 838 854 854 839 839 832 832 846 846 847 847 839 839 855 855 840 840 833 833 847 847 848 848 840 840 856 856 841 841 834 834 848 848 849 849 841 841 857 857 842 842 835 835 849 849 850 850 842 842 858 858 843 843 836 836 850 850 851 851 829 829 521 521 844 844 528 528 843 843 858 858 836 836 852 852 837 837 830 830 844 844 845 845 837 837 853 853 838 838 831 831 845 845 846 846 857 857 873 873 858 858 851 851 865 865 866 866 844 844 521 521 859 859 528 528 858 858 873 873 851 851 867 867 852 852 845 845 859 859 860 860 852 852 868 868 853 853 846 846 860 860 861 861 853 853 869 869 854 854 847 847 861 861 862 862 854 854 870 870 855 855 848 848 862 862 863 863 855 855 871 871 856 856 849 849 863 863 864 864 856 856 872 872 857 857 850 850 864 864 865 865 862 862 876 876 877 877 869 869 885 885 870 870 863 863 877 877 878 878 870 870 886 886 871 871 864 864 878 878 879 879 871 871 887 887 872 872 865 865 879 879 880 880 872 872 888 888 873 873 866 866 880 880 881 881 859 859 521 521 874 874 528 528 873 873 888 888 866 866 882 882 867 867 860 860 874 874 875 875 867 867 883 883 868 868 861 861 875 875 876 876 868 868 884 884 869 869 880 880 896 896 881 881 874 874 521 521 889 889 528 528 888 888 903 903 882 882 896 896 897 897 874 874 890 890 875 875 883 883 897 897 898 898 875 875 891 891 876 876 884 884 898 898 899 899 876 876 892 892 877 877 885 885 899 899 900 900 877 877 893 893 878 878 886 886 900 900 901 901 878 878 894 894 879 879 887 887 901 901 902 902 879 879 895 895 880 880 888 888 902 902 903 903 900 900 914 914 915 915 892 892 908 908 893 893 901 901 915 915 916 916 893 893 909 909 894 894 902 902 916 916 917 917 894 894 910 910 895 895 903 903 917 917 918 918 895 895 911 911 896 896 889 889 521 521 904 904 528 528 903 903 918 918 897 897 911 911 912 912 889 889 905 905 890 890 898 898 912 912 913 913 890 890 906 906 891 891 899 899 913 913 914 914 891 891 907 907 892 892 528 528 918 918 933 933 912 912 926 926 927 927 904 904 920 920 905 905 913 913 927 927 928 928 905 905 921 921 906 906 914 914 928 928 929 929 906 906 922 922 907 907 915 915 929 929 930 930 907 907 923 923 908 908 916 916 930 930 931 931 908 908 924 924 909 909 917 917 931 931 932 932 909 909 925 925 910 910 918 918 932 932 933 933 910 910 926 926 911 911 904 904 521 521 919 919 931 931 945 945 946 946 923 923 939 939 924 924 932 932 946 946 947 947 924 924 940 940 925 925 933 933 947 947 948 948 925 925 941 941 926 926 919 919 521 521 934 934 528 528 933 933 948 948 927 927 941 941 942 942 919 919 935 935 920 920 928 928 942 942 943 943 920 920 936 936 921 921 929 929 943 943 944 944 921 921 937 937 922 922 930 930 944 944 945 945 922 922 938 938 923 923 934 934 950 950 935 935 943 943 957 957 958 958 935 935 951 951 936 936 944 944 958 958 959 959 936 936 952 952 937 937 945 945 959 959 960 960 937 937 953 953 938 938 946 946 960 960 961 961 938 938 954 954 939 939 947 947 961 961 962 962 939 939 955 955 940 940 948 948 962 962 963 963 940 940 956 956 941 941 934 934 521 521 949 949 528 528 948 948 963 963 942 942 956 956 957 957 953 953 969 969 954 954 962 962 976 976 977 977 954 954 970 970 955 955 963 963 977 977 978 978 955 955 971 971 956 956 949 949 521 521 964 964 528 528 963 963 978 978 957 957 971 971 972 972 949 949 965 965 950 950 958 958 972 972 973 973 950 950 966 966 951 951 959 959 973 973 974 974 951 951 967 967 952 952 960 960 974 974 975 975 952 952 968 968 953 953 961 961 975 975 976 976 973 973 987 987 988 988 965 965 981 981 966 966 974 974 988 988 989 989 966 966 982 982 967 967 975 975 989 989 990 990 967 967 983 983 968 968 976 976 990 990 991 991 968 968 984 984 969 969 977 977 991 991 992 992 969 969 985 985 970 970 978 978 992 992 993 993 970 970 986 986 971 971 964 964 521 521 979 979 528 528 978 978 993 993 972 972 986 986 987 987 964 964 980 980 965 965 992 992 1000 1000 1001 1001 984 984 524 524 985 985 993 993 1001 1001 1002 1002 985 985 525 525 986 986 979 979 521 521 994 994 528 528 993 993 1002 1002 987 987 525 525 526 526 979 979 995 995 980 980 988 988 526 526 998 998 980 980 522 522 981 981 989 989 998 998 527 527 981 981 996 996 982 982 990 990 527 527 999 999 982 982 523 523 983 983 991 991 999 999 1000 1000 983 983 997 997 984 984 997 997 523 523 533 533 1000 1000 541 541 542 542 524 524 997 997 534 534 1001 1001 542 542 543 543 525 525 524 524 535 535 525 525 536 536 537 537 995 995 994 994 529 529 526 526 537 537 538 538 522 522 995 995 530 530 998 998 538 538 539 539 996 996 522 522 531 531 527 527 539 539 540 540 523 523 996 996 532 532 999 999 540 540 541 541 533 533 532 532 547 547 540 540 555 555 556 556 534 534 533 533 548 548 541 541 556 556 557 557 535 535 534 534 549 549 542 542 557 557 558 558 536 536 535 535 550 550 536 536 551 551 552 552 530 530 529 529 544 544 537 537 552 552 553 553 531 531 530 530 545 545 538 538 553 553 554 554 532 532 531 531 546 546 539 539 554 554 555 555 551 551 566 566 567 567 545 545 544 544 559 559 552 552 567 567 568 568 546 546 545 545 560 560 553 553 568 568 569 569 547 547 546 546 561 561 554 554 569 569 570 570 548 548 547 547 562 562 555 555 570 570 571 571 549 549 548 548 563 563 556 556 571 571 572 572 550 550 549 549 564 564 557 557 572 572 573 573 551 551 550 550 565 565 570 570 585 585 586 586 564 564 563 563 578 578 571 571 586 586 587 587 565 565 564 564 579 579 572 572 587 587 588 588 566 566 565 565 580 580 566 566 581 581 582 582 560 560 559 559 574 574 567 567 582 582 583 583 561 561 560 560 575 575 568 568 583 583 584 584 562 562 561 561 576 576 569 569 584 584 585 585 563 563 562 562 577 577 575 575 574 574 589 589 582 582 597 597 598 598 576 576 575 575 590 590 583 583 598 598 599 599 577 577 576 576 591 591 584 584 599 599 600 600 578 578 577 577 592 592 585 585 600 600 601 601 579 579 578 578 593 593 586 586 601 601 602 602 580 580 579 579 594 594 587 587 602 602 603 603 581 581 580 580 595 595 581 581 596 596 597 597 594 594 593 593 608 608 601 601 616 616 617 617 595 595 594 594 609 609 602 602 617 617 618 618 596 596 595 595 610 610 596 596 611 611 612 612 590 590 589 589 604 604 597 597 612 612 613 613 591 591 590 590 605 605 598 598 613 613 614 614 592 592 591 591 606 606 599 599 614 614 615 615 593 593 592 592 607 607 600 600 615 615 616 616 612 612 627 627 628 628 606 606 605 605 620 620 613 613 628 628 629 629 607 607 606 606 621 621 614 614 629 629 630 630 608 608 607 607 622 622 615 615 630 630 631 631 609 609 608 608 623 623 616 616 631 631 632 632 610 610 609 609 624 624 617 617 632 632 633 633 611 611 610 610 625 625 611 611 626 626 627 627 605 605 604 604 619 619 631 631 646 646 647 647 625 625 624 624 639 639 632 632 647 647 648 648 626 626 625 625 640 640 626 626 641 641 642 642 620 620 619 619 634 634 627 627 642 642 643 643 621 621 620 620 635 635 628 628 643 643 644 644 622 622 621 621 636 636 629 629 644 644 645 645 623 623 622 622 637 637 630 630 645 645 646 646 624 624 623 623 638 638 644 644 643 643 658 658 636 636 651 651 652 652 645 645 644 644 659 659 637 637 652 652 653 653 646 646 645 645 660 660 638 638 653 653 654 654 647 647 646 646 661 661 639 639 654 654 655 655 648 648 647 647 662 662 640 640 655 655 656 656 642 642 641 641 656 656 634 634 649 649 650 650 643 643 642 642 657 657 635 635 650 650 651 651 663 663 662 662 677 677 655 655 670 670 671 671 657 657 656 656 671 671 649 649 664 664 665 665 658 658 657 657 672 672 650 650 665 665 666 666 659 659 658 658 673 673 651 651 666 666 667 667 660 660 659 659 674 674 652 652 667 667 668 668 661 661 660 660 675 675 653 653 668 668 669 669 662 662 661 661 676 676 654 654 669 669 670 670 666 666 681 681 682 682 675 675 674 674 689 689 667 667 682 682 683 683 676 676 675 675 690 690 668 668 683 683 684 684 677 677 676 676 691 691 669 669 684 684 685 685 678 678 677 677 692 692 670 670 685 685 686 686 672 672 671 671 686 686 664 664 679 679 680 680 673 673 672 672 687 687 665 665 680 680 681 681 674 674 673 673 688 688 685 685 700 700 701 701 687 687 686 686 701 701 679 679 694 694 695 695 688 688 687 687 702 702 680 680 695 695 696 696 689 689 688 688 703 703 681 681 696 696 697 697 690 690 689 689 704 704 682 682 697 697 698 698 691 691 690 690 705 705 683 683 698 698 699 699 692 692 691 691 706 706 684 684 699 699 700 700 693 693 692 692 707 707 705 705 704 704 719 719 697 697 712 712 713 713 706 706 705 705 720 720 698 698 713 713 714 714 707 707 706 706 721 721 699 699 714 714 715 715 708 708 707 707 722 722 700 700 715 715 716 716 702 702 701 701 716 716 694 694 709 709 710 710 703 703 702 702 717 717 695 695 710 710 711 711 704 704 703 703 718 718 696 696 711 711 712 712 717 717 716 716 731 731 709 709 724 724 725 725 718 718 717 717 732 732 710 710 725 725 726 726 719 719 718 718 733 733 711 711 726 726 727 727 720 720 719 719 734 734 712 712 727 727 728 728 721 721 720 720 735 735 713 713 728 728 729 729 722 722 721 721 736 736 714 714 729 729 730 730 723 723 722 722 737 737 715 715 730 730 731 731 727 727 742 742 743 743 736 736 735 735 750 750 728 728 743 743 744 744 737 737 736 736 751 751 729 729 744 744 745 745 738 738 737 737 752 752 730 730 745 745 746 746 732 732 731 731 746 746 724 724 739 739 740 740 733 733 732 732 747 747 725 725 740 740 741 741 734 734 733 733 748 748 726 726 741 741 742 742 735 735 734 734 749 749 747 747 746 746 761 761 739 739 754 754 755 755 748 748 747 747 762 762 740 740 755 755 756 756 749 749 748 748 763 763 741 741 756 756 757 757 750 750 749 749 764 764 742 742 757 757 758 758 751 751 750 750 765 765 743 743 758 758 759 759 752 752 751 751 766 766 744 744 759 759 760 760 753 753 752 752 767 767 745 745 760 760 761 761 765 765 780 780 781 781 759 759 758 758 773 773 766 766 781 781 782 782 760 760 759 759 774 774 767 767 782 782 783 783 761 761 760 760 775 775 761 761 776 776 777 777 755 755 754 754 769 769 762 762 777 777 778 778 756 756 755 755 770 770 763 763 778 778 779 779 757 757 756 756 771 771 764 764 779 779 780 780 758 758 757 757 772 772 777 777 792 792 793 793 771 771 770 770 785 785 778 778 793 793 794 794 772 772 771 771 786 786 779 779 794 794 795 795 773 773 772 772 787 787 780 780 795 795 796 796 774 774 773 773 788 788 781 781 796 796 797 797 775 775 774 774 789 789 782 782 797 797 798 798 776 776 775 775 790 790 776 776 791 791 792 792 770 770 769 769 784 784 796 796 811 811 812 812 790 790 789 789 804 804 797 797 812 812 813 813 791 791 790 790 805 805 791 791 806 806 807 807 785 785 784 784 799 799 792 792 807 807 808 808 786 786 785 785 800 800 793 793 808 808 809 809 787 787 786 786 801 801 794 794 809 809 810 810 788 788 787 787 802 802 795 795 810 810 811 811 789 789 788 788 803 803 801 801 800 800 815 815 808 808 823 823 824 824 802 802 801 801 816 816 809 809 824 824 825 825 803 803 802 802 817 817 810 810 825 825 826 826 804 804 803 803 818 818 811 811 826 826 827 827 805 805 804 804 819 819 812 812 827 827 828 828 806 806 805 805 820 820 806 806 821 821 822 822 800 800 799 799 814 814 807 807 822 822 823 823 820 820 819 819 834 834 827 827 842 842 843 843 821 821 820 820 835 835 821 821 836 836 837 837 815 815 814 814 829 829 822 822 837 837 838 838 816 816 815 815 830 830 823 823 838 838 839 839 817 817 816 816 831 831 824 824 839 839 840 840 818 818 817 817 832 832 825 825 840 840 841 841 819 819 818 818 833 833 826 826 841 841 842 842 838 838 853 853 854 854 832 832 831 831 846 846 839 839 854 854 855 855 833 833 832 832 847 847 840 840 855 855 856 856 834 834 833 833 848 848 841 841 856 856 857 857 835 835 834 834 849 849 842 842 857 857 858 858 836 836 835 835 850 850 836 836 851 851 852 852 830 830 829 829 844 844 837 837 852 852 853 853 831 831 830 830 845 845 857 857 872 872 873 873 851 851 850 850 865 865 851 851 866 866 867 867 845 845 844 844 859 859 852 852 867 867 868 868 846 846 845 845 860 860 853 853 868 868 869 869 847 847 846 846 861 861 854 854 869 869 870 870 848 848 847 847 862 862 855 855 870 870 871 871 849 849 848 848 863 863 856 856 871 871 872 872 850 850 849 849 864 864 862 862 861 861 876 876 869 869 884 884 885 885 863 863 862 862 877 877 870 870 885 885 886 886 864 864 863 863 878 878 871 871 886 886 887 887 865 865 864 864 879 879 872 872 887 887 888 888 866 866 865 865 880 880 866 866 881 881 882 882 860 860 859 859 874 874 867 867 882 882 883 883 861 861 860 860 875 875 868 868 883 883 884 884 880 880 895 895 896 896 882 882 881 881 896 896 874 874 889 889 890 890 883 883 882 882 897 897 875 875 890 890 891 891 884 884 883 883 898 898 876 876 891 891 892 892 885 885 884 884 899 899 877 877 892 892 893 893 886 886 885 885 900 900 878 878 893 893 894 894 887 887 886 886 901 901 879 879 894 894 895 895 888 888 887 887 902 902 900 900 899 899 914 914 892 892 907 907 908 908 901 901 900 900 915 915 893 893 908 908 909 909 902 902 901 901 916 916 894 894 909 909 910 910 903 903 902 902 917 917 895 895 910 910 911 911 897 897 896 896 911 911 889 889 904 904 905 905 898 898 897 897 912 912 890 890 905 905 906 906 899 899 898 898 913 913 891 891 906 906 907 907 912 912 911 911 926 926 904 904 919 919 920 920 913 913 912 912 927 927 905 905 920 920 921 921 914 914 913 913 928 928 906 906 921 921 922 922 915 915 914 914 929 929 907 907 922 922 923 923 916 916 915 915 930 930 908 908 923 923 924 924 917 917 916 916 931 931 909 909 924 924 925 925 918 918 917 917 932 932 910 910 925 925 926 926 931 931 930 930 945 945 923 923 938 938 939 939 932 932 931 931 946 946 924 924 939 939 940 940 933 933 932 932 947 947 925 925 940 940 941 941 927 927 926 926 941 941 919 919 934 934 935 935 928 928 927 927 942 942 920 920 935 935 936 936 929 929 928 928 943 943 921 921 936 936 937 937 930 930 929 929 944 944 922 922 937 937 938 938 934 934 949 949 950 950 943 943 942 942 957 957 935 935 950 950 951 951 944 944 943 943 958 958 936 936 951 951 952 952 945 945 944 944 959 959 937 937 952 952 953 953 946 946 945 945 960 960 938 938 953 953 954 954 947 947 946 946 961 961 939 939 954 954 955 955 948 948 947 947 962 962 940 940 955 955 956 956 942 942 941 941 956 956 953 953 968 968 969 969 962 962 961 961 976 976 954 954 969 969 970 970 963 963 962 962 977 977 955 955 970 970 971 971 957 957 956 956 971 971 949 949 964 964 965 965 958 958 957 957 972 972 950 950 965 965 966 966 959 959 958 958 973 973 951 951 966 966 967 967 960 960 959 959 974 974 952 952 967 967 968 968 961 961 960 960 975 975 973 973 972 972 987 987 965 965 980 980 981 981 974 974 973 973 988 988 966 966 981 981 982 982 975 975 974 974 989 989 967 967 982 982 983 983 976 976 975 975 990 990 968 968 983 983 984 984 977 977 976 976 991 991 969 969 984 984 985 985 978 978 977 977 992 992 970 970 985 985 986 986 972 972 971 971 986 986 964 964 979 979 980 980 992 992 991 991 1000 1000 984 984 997 997 524 524 993 993 992 992 1001 1001 985 985 524 524 525 525 987 987 986 986 525 525 979 979 994 994 995 995 988 988 987 987 526 526 980 980 995 995 522 522 989 989 988 988 998 998 981 981 522 522 996 996 990 990 989 989 527 527 982 982 996 996 523 523 991 991 990 990 999 999 983 983 523 523 997 997</p></triangles></mesh>
      <extra>
        <technique profile="BLENDER028">
          <layer_names>
            <name name="UVMap" refid="IID-_0003" type="UV" />
          </layer_names>
        </technique>
      </extra>
    </geometry>
  </library_geometries>
  <library_materials>
    <material id="MA-Material.019" name="Material.019">
      <instance_effect url="#IID-_0004" />
    </material>
    <material id="MA-Material.012" name="Material.012">
      <instance_effect url="#IID-_0005" />
    </material>
    <material id="MA-Material.020" name="Material.020">
      <instance_effect url="#IID-_0006" />
    </material>
    <material id="MA-Material.013" name="Material.013">
      <instance_effect url="#IID-_0007" />
    </material>
    <material id="MA-Material.014" name="Material.014">
      <instance_effect url="#IID-_0008" />
    </material>
    <material id="MA-Material.015" name="Material.015">
      <instance_effect url="#IID-_0009" />
    </material>
    <material id="MA-Material.016" name="Material.016">
      <instance_effect url="#IID-_0010" />
    </material>
    <material id="MA-Material.017" name="Material.017">
      <instance_effect url="#IID-_0011" />
    </material>
    <material id="MA-Material.018" name="Material.018">
      <instance_effect url="#IID-_0012" />
    </material>
    <material id="MA-Material.006" name="Material.006">
      <instance_effect url="#IID-_0013" />
    </material>
    <material id="MA-Material.002" name="Material.002">
      <instance_effect url="#IID-_0014" />
    </material>
    <material id="MA-Material.007" name="Material.007">
      <instance_effect url="#IID-_0015" />
    </material>
    <material id="MA-Material.008" name="Material.008">
      <instance_effect url="#IID-_0016" />
    </material>
    <material id="MA-Material.005" name="Material.005">
      <instance_effect url="#IID-_0017" />
    </material>
    <material id="MA-Material.004" name="Material.004">
      <instance_effect url="#IID-_0018" />
    </material>
    <material id="MA-Material.003" name="Material.003">
      <instance_effect url="#IID-_0019" />
    </material>
    <material id="MA-Material.010" name="Material.010">
      <instance_effect url="#IID-_0020" />
    </material>
    <material id="MA-Material.011" name="Material.011">
      <instance_effect url="#IID-_0021" />
    </material>
    <material id="MA-Material.009" name="Material.009">
      <instance_effect url="#IID-_0022" />
    </material>
    <material id="MA-Material.021" name="Material.021">
      <instance_effect url="#IID-_0023" />
    </material>
    <material id="MA-Material.022" name="Material.022">
      <instance_effect url="#IID-_0024" />
    </material>
    <material id="MA-Material.023" name="Material.023">
      <instance_effect url="#IID-_0025" />
    </material>
  </library_materials>
  <library_visual_scenes>
    <visual_scene id="SCE-main">
      <node id="Camera" name="Camera" type="NODE"><matrix>1 0 0 0 0 1 0 -10 0 0 1 0 0 0 0 1</matrix><instance_camera url="#Camera-camera" /></node><node id="Lamp" name="Lamp" type="NODE"><matrix>1 0 0 4 0 1 0 -4 0 0 1 6 0 0 0 1</matrix><instance_light url="#Lamp-light" /></node><node id="NarutoRoot" name="NarutoRoot" type="NODE">
        <matrix>1.0 0.0 0.0 0.49807125 0.0 1.0 0.0 -1.9676192 0.0 0.0 1.0 6.8651195 0.0 0.0 0.0 1.0</matrix>
        <instance_geometry url="#ME-Cylinder">
          </instance_geometry>
      </node>
    </visual_scene>
  </library_visual_scenes>
  <scene>
    <instance_visual_scene url="#SCE-main" />
  </scene>
  <extra>
    <technique profile="BLENDER028">
      <id_prefixes>
        <prefix name="CAMERA" value="CA-" />
        <prefix name="EMPTY" value="EM-" />
        <prefix name="LAMP" value="LA-" />
        <prefix name="MATERIAL" value="MA-" />
        <prefix name="MESH" value="ME-" />
        <prefix name="SCENE" value="SCE-" />
      </id_prefixes>
    </technique>
  </extra>
</COLLADA>